question_idx,item_id,temp_bank_id,permutation_idx,permutation_sigma,format_idx,prompt_template_version,predicted_letter,correct_letter,is_correct,error,rate_limit_retry_count,rate_limit_total_wait_ms,first_token_top_logprobs_json,candidate_logprobs_json
0,643804,6438,0,"[1, 2, 3, 4, 5]",0,v1,,A,,http_400,0,0,[],"{""A"": null, ""B"": null, ""C"": null, ""D"": null, ""E"": null}"
0,643804,6438,1,"[1, 2, 3, 5, 4]",0,v1,,A,,http_400,0,0,[],"{""A"": null, ""B"": null, ""C"": null, ""D"": null, ""E"": null}"
0,643804,6438,10,"[1, 3, 5, 2, 4]",0,v1,,A,,http_400,0,0,[],"{""A"": null, ""B"": null, ""C"": null, ""D"": null, ""E"": null}"
0,643804,6438,13,"[1, 4, 2, 5, 3]",0,v1,,A,,http_400,0,0,[],"{""A"": null, ""B"": null, ""C"": null, ""D"": null, ""E"": null}"
0,643804,6438,23,"[1, 5, 4, 3, 2]",0,v1,,A,,http_400,0,0,[],"{""A"": null, ""B"": null, ""C"": null, ""D"": null, ""E"": null}"
0,643804,6438,29,"[2, 1, 5, 4, 3]",0,v1,,B,,http_400,0,0,[],"{""A"": null, ""B"": null, ""C"": null, ""D"": null, ""E"": null}"
0,643804,6438,33,"[2, 3, 4, 5, 1]",0,v1,,E,,http_400,0,0,[],"{""A"": null, ""B"": null, ""C"": null, ""D"": null, ""E"": null}"
0,643804,6438,35,"[2, 3, 5, 4, 1]",0,v1,,E,,http_400,0,0,[],"{""A"": null, ""B"": null, ""C"": null, ""D"": null, ""E"": null}"
0,643804,6438,36,"[2, 4, 1, 3, 5]",0,v1,,C,,http_400,0,0,[],"{""A"": null, ""B"": null, ""C"": null, ""D"": null, ""E"": null}"
0,643804,6438,44,"[2, 5, 3, 1, 4]",0,v1,,D,,http_400,0,0,[],"{""A"": null, ""B"": null, ""C"": null, ""D"": null, ""E"": null}"
0,643804,6438,50,"[3, 1, 4, 2, 5]",0,v1,,B,,http_400,0,0,[],"{""A"": null, ""B"": null, ""C"": null, ""D"": null, ""E"": null}"
0,643804,6438,55,"[3, 2, 1, 5, 4]",0,v1,,C,,http_400,0,0,[],"{""A"": null, ""B"": null, ""C"": null, ""D"": null, ""E"": null}"
0,643804,6438,64,"[3, 4, 5, 1, 2]",0,v1,,D,,http_400,0,0,[],"{""A"": null, ""B"": null, ""C"": null, ""D"": null, ""E"": null}"
0,643804,6438,69,"[3, 5, 2, 4, 1]",0,v1,,E,,http_400,0,0,[],"{""A"": null, ""B"": null, ""C"": null, ""D"": null, ""E"": null}"
0,643804,6438,70,"[3, 5, 4, 1, 2]",0,v1,,D,,http_400,0,0,[],"{""A"": null, ""B"": null, ""C"": null, ""D"": null, ""E"": null}"
0,643804,6438,72,"[4, 1, 2, 3, 5]",0,v1,,B,,http_400,0,0,[],"{""A"": null, ""B"": null, ""C"": null, ""D"": null, ""E"": null}"
0,643804,6438,75,"[4, 1, 3, 5, 2]",0,v1,,B,,http_400,0,0,[],"{""A"": null, ""B"": null, ""C"": null, ""D"": null, ""E"": null}"
0,643804,6438,83,"[4, 2, 5, 3, 1]",0,v1,,E,,http_400,0,0,[],"{""A"": null, ""B"": null, ""C"": null, ""D"": null, ""E"": null}"
0,643804,6438,86,"[4, 3, 2, 1, 5]",0,v1,,D,,http_400,0,0,[],"{""A"": null, ""B"": null, ""C"": null, ""D"": null, ""E"": null}"
0,643804,6438,90,"[4, 5, 1, 2, 3]",0,v1,,C,,http_400,0,0,[],"{""A"": null, ""B"": null, ""C"": null, ""D"": null, ""E"": null}"
0,643804,6438,96,"[5, 1, 2, 3, 4]",0,v1,,B,,http_400,0,0,[],"{""A"": null, ""B"": null, ""C"": null, ""D"": null, ""E"": null}"
0,643804,6438,106,"[5, 2, 4, 1, 3]",0,v1,,D,,http_400,0,0,[],"{""A"": null, ""B"": null, ""C"": null, ""D"": null, ""E"": null}"
0,643804,6438,109,"[5, 3, 1, 4, 2]",0,v1,,C,,http_400,0,0,[],"{""A"": null, ""B"": null, ""C"": null, ""D"": null, ""E"": null}"
0,643804,6438,114,"[5, 4, 1, 2, 3]",0,v1,,C,,http_400,0,0,[],"{""A"": null, ""B"": null, ""C"": null, ""D"": null, ""E"": null}"
0,643804,6438,119,"[5, 4, 3, 2, 1]",0,v1,,E,,http_400,0,0,[],"{""A"": null, ""B"": null, ""C"": null, ""D"": null, ""E"": null}"
1,643805,6438,0,"[1, 2, 3, 4, 5]",0,v1,,A,,http_400,0,0,[],"{""A"": null, ""B"": null, ""C"": null, ""D"": null, ""E"": null}"
1,643805,6438,1,"[1, 2, 3, 5, 4]",0,v1,,A,,http_400,0,0,[],"{""A"": null, ""B"": null, ""C"": null, ""D"": null, ""E"": null}"
1,643805,6438,10,"[1, 3, 5, 2, 4]",0,v1,,A,,http_400,0,0,[],"{""A"": null, ""B"": null, ""C"": null, ""D"": null, ""E"": null}"
1,643805,6438,13,"[1, 4, 2, 5, 3]",0,v1,,A,,http_400,0,0,[],"{""A"": null, ""B"": null, ""C"": null, ""D"": null, ""E"": null}"
1,643805,6438,23,"[1, 5, 4, 3, 2]",0,v1,,A,,http_400,0,0,[],"{""A"": null, ""B"": null, ""C"": null, ""D"": null, ""E"": null}"
1,643805,6438,29,"[2, 1, 5, 4, 3]",0,v1,,B,,http_400,0,0,[],"{""A"": null, ""B"": null, ""C"": null, ""D"": null, ""E"": null}"
1,643805,6438,33,"[2, 3, 4, 5, 1]",0,v1,,E,,http_400,0,0,[],"{""A"": null, ""B"": null, ""C"": null, ""D"": null, ""E"": null}"
1,643805,6438,35,"[2, 3, 5, 4, 1]",0,v1,,E,,http_400,0,0,[],"{""A"": null, ""B"": null, ""C"": null, ""D"": null, ""E"": null}"
1,643805,6438,36,"[2, 4, 1, 3, 5]",0,v1,,C,,http_400,0,0,[],"{""A"": null, ""B"": null, ""C"": null, ""D"": null, ""E"": null}"
1,643805,6438,44,"[2, 5, 3, 1, 4]",0,v1,,D,,http_400,0,0,[],"{""A"": null, ""B"": null, ""C"": null, ""D"": null, ""E"": null}"
1,643805,6438,50,"[3, 1, 4, 2, 5]",0,v1,,B,,http_400,0,0,[],"{""A"": null, ""B"": null, ""C"": null, ""D"": null, ""E"": null}"
1,643805,6438,55,"[3, 2, 1, 5, 4]",0,v1,,C,,http_400,0,0,[],"{""A"": null, ""B"": null, ""C"": null, ""D"": null, ""E"": null}"
1,643805,6438,64,"[3, 4, 5, 1, 2]",0,v1,,D,,http_400,0,0,[],"{""A"": null, ""B"": null, ""C"": null, ""D"": null, ""E"": null}"
1,643805,6438,69,"[3, 5, 2, 4, 1]",0,v1,,E,,http_400,0,0,[],"{""A"": null, ""B"": null, ""C"": null, ""D"": null, ""E"": null}"
1,643805,6438,70,"[3, 5, 4, 1, 2]",0,v1,,D,,http_400,0,0,[],"{""A"": null, ""B"": null, ""C"": null, ""D"": null, ""E"": null}"
1,643805,6438,72,"[4, 1, 2, 3, 5]",0,v1,,B,,http_400,0,0,[],"{""A"": null, ""B"": null, ""C"": null, ""D"": null, ""E"": null}"
1,643805,6438,75,"[4, 1, 3, 5, 2]",0,v1,,B,,http_400,0,0,[],"{""A"": null, ""B"": null, ""C"": null, ""D"": null, ""E"": null}"
1,643805,6438,83,"[4, 2, 5, 3, 1]",0,v1,,E,,http_400,0,0,[],"{""A"": null, ""B"": null, ""C"": null, ""D"": null, ""E"": null}"
1,643805,6438,86,"[4, 3, 2, 1, 5]",0,v1,,D,,http_400,0,0,[],"{""A"": null, ""B"": null, ""C"": null, ""D"": null, ""E"": null}"
1,643805,6438,90,"[4, 5, 1, 2, 3]",0,v1,,C,,http_400,0,0,[],"{""A"": null, ""B"": null, ""C"": null, ""D"": null, ""E"": null}"
1,643805,6438,96,"[5, 1, 2, 3, 4]",0,v1,,B,,http_400,0,0,[],"{""A"": null, ""B"": null, ""C"": null, ""D"": null, ""E"": null}"
1,643805,6438,106,"[5, 2, 4, 1, 3]",0,v1,,D,,http_400,0,0,[],"{""A"": null, ""B"": null, ""C"": null, ""D"": null, ""E"": null}"
1,643805,6438,109,"[5, 3, 1, 4, 2]",0,v1,,C,,http_400,0,0,[],"{""A"": null, ""B"": null, ""C"": null, ""D"": null, ""E"": null}"
1,643805,6438,114,"[5, 4, 1, 2, 3]",0,v1,,C,,http_400,0,0,[],"{""A"": null, ""B"": null, ""C"": null, ""D"": null, ""E"": null}"
1,643805,6438,119,"[5, 4, 3, 2, 1]",0,v1,,E,,http_400,0,0,[],"{""A"": null, ""B"": null, ""C"": null, ""D"": null, ""E"": null}"
2,643806,6438,0,"[1, 2, 3, 4, 5]",0,v1,,A,,http_400,0,0,[],"{""A"": null, ""B"": null, ""C"": null, ""D"": null, ""E"": null}"
2,643806,6438,1,"[1, 2, 3, 5, 4]",0,v1,,A,,http_400,0,0,[],"{""A"": null, ""B"": null, ""C"": null, ""D"": null, ""E"": null}"
2,643806,6438,10,"[1, 3, 5, 2, 4]",0,v1,,A,,http_400,0,0,[],"{""A"": null, ""B"": null, ""C"": null, ""D"": null, ""E"": null}"
2,643806,6438,13,"[1, 4, 2, 5, 3]",0,v1,,A,,http_400,0,0,[],"{""A"": null, ""B"": null, ""C"": null, ""D"": null, ""E"": null}"
2,643806,6438,23,"[1, 5, 4, 3, 2]",0,v1,,A,,http_400,0,0,[],"{""A"": null, ""B"": null, ""C"": null, ""D"": null, ""E"": null}"
2,643806,6438,29,"[2, 1, 5, 4, 3]",0,v1,,B,,http_400,0,0,[],"{""A"": null, ""B"": null, ""C"": null, ""D"": null, ""E"": null}"
2,643806,6438,33,"[2, 3, 4, 5, 1]",0,v1,,E,,http_400,0,0,[],"{""A"": null, ""B"": null, ""C"": null, ""D"": null, ""E"": null}"
2,643806,6438,35,"[2, 3, 5, 4, 1]",0,v1,,E,,http_400,0,0,[],"{""A"": null, ""B"": null, ""C"": null, ""D"": null, ""E"": null}"
2,643806,6438,36,"[2, 4, 1, 3, 5]",0,v1,,C,,http_400,0,0,[],"{""A"": null, ""B"": null, ""C"": null, ""D"": null, ""E"": null}"
2,643806,6438,44,"[2, 5, 3, 1, 4]",0,v1,,D,,http_400,0,0,[],"{""A"": null, ""B"": null, ""C"": null, ""D"": null, ""E"": null}"
2,643806,6438,50,"[3, 1, 4, 2, 5]",0,v1,,B,,http_400,0,0,[],"{""A"": null, ""B"": null, ""C"": null, ""D"": null, ""E"": null}"
2,643806,6438,55,"[3, 2, 1, 5, 4]",0,v1,,C,,http_400,0,0,[],"{""A"": null, ""B"": null, ""C"": null, ""D"": null, ""E"": null}"
2,643806,6438,64,"[3, 4, 5, 1, 2]",0,v1,,D,,http_400,0,0,[],"{""A"": null, ""B"": null, ""C"": null, ""D"": null, ""E"": null}"
2,643806,6438,69,"[3, 5, 2, 4, 1]",0,v1,,E,,http_400,0,0,[],"{""A"": null, ""B"": null, ""C"": null, ""D"": null, ""E"": null}"
2,643806,6438,70,"[3, 5, 4, 1, 2]",0,v1,,D,,http_400,0,0,[],"{""A"": null, ""B"": null, ""C"": null, ""D"": null, ""E"": null}"
2,643806,6438,72,"[4, 1, 2, 3, 5]",0,v1,,B,,http_400,0,0,[],"{""A"": null, ""B"": null, ""C"": null, ""D"": null, ""E"": null}"
2,643806,6438,75,"[4, 1, 3, 5, 2]",0,v1,,B,,http_400,0,0,[],"{""A"": null, ""B"": null, ""C"": null, ""D"": null, ""E"": null}"
2,643806,6438,83,"[4, 2, 5, 3, 1]",0,v1,,E,,http_400,0,0,[],"{""A"": null, ""B"": null, ""C"": null, ""D"": null, ""E"": null}"
2,643806,6438,86,"[4, 3, 2, 1, 5]",0,v1,,D,,http_400,0,0,[],"{""A"": null, ""B"": null, ""C"": null, ""D"": null, ""E"": null}"
2,643806,6438,90,"[4, 5, 1, 2, 3]",0,v1,,C,,http_400,0,0,[],"{""A"": null, ""B"": null, ""C"": null, ""D"": null, ""E"": null}"
2,643806,6438,96,"[5, 1, 2, 3, 4]",0,v1,,B,,http_400,0,0,[],"{""A"": null, ""B"": null, ""C"": null, ""D"": null, ""E"": null}"
2,643806,6438,106,"[5, 2, 4, 1, 3]",0,v1,,D,,http_400,0,0,[],"{""A"": null, ""B"": null, ""C"": null, ""D"": null, ""E"": null}"
2,643806,6438,109,"[5, 3, 1, 4, 2]",0,v1,,C,,http_400,0,0,[],"{""A"": null, ""B"": null, ""C"": null, ""D"": null, ""E"": null}"
2,643806,6438,114,"[5, 4, 1, 2, 3]",0,v1,,C,,http_400,0,0,[],"{""A"": null, ""B"": null, ""C"": null, ""D"": null, ""E"": null}"
2,643806,6438,119,"[5, 4, 3, 2, 1]",0,v1,,E,,http_400,0,0,[],"{""A"": null, ""B"": null, ""C"": null, ""D"": null, ""E"": null}"
3,643807,6438,0,"[1, 2, 3, 4, 5]",0,v1,,A,,http_400,0,0,[],"{""A"": null, ""B"": null, ""C"": null, ""D"": null, ""E"": null}"
3,643807,6438,1,"[1, 2, 3, 5, 4]",0,v1,,A,,http_400,0,0,[],"{""A"": null, ""B"": null, ""C"": null, ""D"": null, ""E"": null}"
3,643807,6438,10,"[1, 3, 5, 2, 4]",0,v1,,A,,http_400,0,0,[],"{""A"": null, ""B"": null, ""C"": null, ""D"": null, ""E"": null}"
3,643807,6438,13,"[1, 4, 2, 5, 3]",0,v1,,A,,http_400,0,0,[],"{""A"": null, ""B"": null, ""C"": null, ""D"": null, ""E"": null}"
3,643807,6438,23,"[1, 5, 4, 3, 2]",0,v1,,A,,http_400,0,0,[],"{""A"": null, ""B"": null, ""C"": null, ""D"": null, ""E"": null}"
3,643807,6438,29,"[2, 1, 5, 4, 3]",0,v1,,B,,http_400,0,0,[],"{""A"": null, ""B"": null, ""C"": null, ""D"": null, ""E"": null}"
3,643807,6438,33,"[2, 3, 4, 5, 1]",0,v1,,E,,http_400,0,0,[],"{""A"": null, ""B"": null, ""C"": null, ""D"": null, ""E"": null}"
3,643807,6438,35,"[2, 3, 5, 4, 1]",0,v1,,E,,http_400,0,0,[],"{""A"": null, ""B"": null, ""C"": null, ""D"": null, ""E"": null}"
3,643807,6438,36,"[2, 4, 1, 3, 5]",0,v1,,C,,http_400,0,0,[],"{""A"": null, ""B"": null, ""C"": null, ""D"": null, ""E"": null}"
3,643807,6438,44,"[2, 5, 3, 1, 4]",0,v1,,D,,http_400,0,0,[],"{""A"": null, ""B"": null, ""C"": null, ""D"": null, ""E"": null}"
3,643807,6438,50,"[3, 1, 4, 2, 5]",0,v1,,B,,http_400,0,0,[],"{""A"": null, ""B"": null, ""C"": null, ""D"": null, ""E"": null}"
3,643807,6438,55,"[3, 2, 1, 5, 4]",0,v1,,C,,http_400,0,0,[],"{""A"": null, ""B"": null, ""C"": null, ""D"": null, ""E"": null}"
3,643807,6438,64,"[3, 4, 5, 1, 2]",0,v1,,D,,http_400,0,0,[],"{""A"": null, ""B"": null, ""C"": null, ""D"": null, ""E"": null}"
3,643807,6438,69,"[3, 5, 2, 4, 1]",0,v1,,E,,http_400,0,0,[],"{""A"": null, ""B"": null, ""C"": null, ""D"": null, ""E"": null}"
3,643807,6438,70,"[3, 5, 4, 1, 2]",0,v1,,D,,http_400,0,0,[],"{""A"": null, ""B"": null, ""C"": null, ""D"": null, ""E"": null}"
3,643807,6438,72,"[4, 1, 2, 3, 5]",0,v1,,B,,http_400,0,0,[],"{""A"": null, ""B"": null, ""C"": null, ""D"": null, ""E"": null}"
3,643807,6438,75,"[4, 1, 3, 5, 2]",0,v1,,B,,http_400,0,0,[],"{""A"": null, ""B"": null, ""C"": null, ""D"": null, ""E"": null}"
3,643807,6438,83,"[4, 2, 5, 3, 1]",0,v1,,E,,http_400,0,0,[],"{""A"": null, ""B"": null, ""C"": null, ""D"": null, ""E"": null}"
3,643807,6438,86,"[4, 3, 2, 1, 5]",0,v1,,D,,http_400,0,0,[],"{""A"": null, ""B"": null, ""C"": null, ""D"": null, ""E"": null}"
3,643807,6438,90,"[4, 5, 1, 2, 3]",0,v1,,C,,http_400,0,0,[],"{""A"": null, ""B"": null, ""C"": null, ""D"": null, ""E"": null}"
3,643807,6438,96,"[5, 1, 2, 3, 4]",0,v1,,B,,http_400,0,0,[],"{""A"": null, ""B"": null, ""C"": null, ""D"": null, ""E"": null}"
3,643807,6438,106,"[5, 2, 4, 1, 3]",0,v1,,D,,http_400,0,0,[],"{""A"": null, ""B"": null, ""C"": null, ""D"": null, ""E"": null}"
3,643807,6438,109,"[5, 3, 1, 4, 2]",0,v1,,C,,http_400,0,0,[],"{""A"": null, ""B"": null, ""C"": null, ""D"": null, ""E"": null}"
3,643807,6438,114,"[5, 4, 1, 2, 3]",0,v1,,C,,http_400,0,0,[],"{""A"": null, ""B"": null, ""C"": null, ""D"": null, ""E"": null}"
3,643807,6438,119,"[5, 4, 3, 2, 1]",0,v1,,E,,http_400,0,0,[],"{""A"": null, ""B"": null, ""C"": null, ""D"": null, ""E"": null}"
4,643808,6438,0,"[1, 2, 3, 4, 5]",0,v1,,A,,http_400,0,0,[],"{""A"": null, ""B"": null, ""C"": null, ""D"": null, ""E"": null}"
4,643808,6438,1,"[1, 2, 3, 5, 4]",0,v1,,A,,http_400,0,0,[],"{""A"": null, ""B"": null, ""C"": null, ""D"": null, ""E"": null}"
4,643808,6438,10,"[1, 3, 5, 2, 4]",0,v1,,A,,http_400,0,0,[],"{""A"": null, ""B"": null, ""C"": null, ""D"": null, ""E"": null}"
4,643808,6438,13,"[1, 4, 2, 5, 3]",0,v1,,A,,http_400,0,0,[],"{""A"": null, ""B"": null, ""C"": null, ""D"": null, ""E"": null}"
4,643808,6438,23,"[1, 5, 4, 3, 2]",0,v1,,A,,http_400,0,0,[],"{""A"": null, ""B"": null, ""C"": null, ""D"": null, ""E"": null}"
4,643808,6438,29,"[2, 1, 5, 4, 3]",0,v1,,B,,http_400,0,0,[],"{""A"": null, ""B"": null, ""C"": null, ""D"": null, ""E"": null}"
4,643808,6438,33,"[2, 3, 4, 5, 1]",0,v1,,E,,http_400,0,0,[],"{""A"": null, ""B"": null, ""C"": null, ""D"": null, ""E"": null}"
4,643808,6438,35,"[2, 3, 5, 4, 1]",0,v1,,E,,http_400,0,0,[],"{""A"": null, ""B"": null, ""C"": null, ""D"": null, ""E"": null}"
4,643808,6438,36,"[2, 4, 1, 3, 5]",0,v1,,C,,http_400,0,0,[],"{""A"": null, ""B"": null, ""C"": null, ""D"": null, ""E"": null}"
4,643808,6438,44,"[2, 5, 3, 1, 4]",0,v1,,D,,http_400,0,0,[],"{""A"": null, ""B"": null, ""C"": null, ""D"": null, ""E"": null}"
4,643808,6438,50,"[3, 1, 4, 2, 5]",0,v1,,B,,http_400,0,0,[],"{""A"": null, ""B"": null, ""C"": null, ""D"": null, ""E"": null}"
4,643808,6438,55,"[3, 2, 1, 5, 4]",0,v1,,C,,http_400,0,0,[],"{""A"": null, ""B"": null, ""C"": null, ""D"": null, ""E"": null}"
4,643808,6438,64,"[3, 4, 5, 1, 2]",0,v1,,D,,http_400,0,0,[],"{""A"": null, ""B"": null, ""C"": null, ""D"": null, ""E"": null}"
4,643808,6438,69,"[3, 5, 2, 4, 1]",0,v1,,E,,http_400,0,0,[],"{""A"": null, ""B"": null, ""C"": null, ""D"": null, ""E"": null}"
4,643808,6438,70,"[3, 5, 4, 1, 2]",0,v1,,D,,http_400,0,0,[],"{""A"": null, ""B"": null, ""C"": null, ""D"": null, ""E"": null}"
4,643808,6438,72,"[4, 1, 2, 3, 5]",0,v1,,B,,http_400,0,0,[],"{""A"": null, ""B"": null, ""C"": null, ""D"": null, ""E"": null}"
4,643808,6438,75,"[4, 1, 3, 5, 2]",0,v1,,B,,http_400,0,0,[],"{""A"": null, ""B"": null, ""C"": null, ""D"": null, ""E"": null}"
4,643808,6438,83,"[4, 2, 5, 3, 1]",0,v1,,E,,http_400,0,0,[],"{""A"": null, ""B"": null, ""C"": null, ""D"": null, ""E"": null}"
4,643808,6438,86,"[4, 3, 2, 1, 5]",0,v1,,D,,http_400,0,0,[],"{""A"": null, ""B"": null, ""C"": null, ""D"": null, ""E"": null}"
4,643808,6438,90,"[4, 5, 1, 2, 3]",0,v1,,C,,http_400,0,0,[],"{""A"": null, ""B"": null, ""C"": null, ""D"": null, ""E"": null}"
4,643808,6438,96,"[5, 1, 2, 3, 4]",0,v1,,B,,http_400,0,0,[],"{""A"": null, ""B"": null, ""C"": null, ""D"": null, ""E"": null}"
4,643808,6438,106,"[5, 2, 4, 1, 3]",0,v1,,D,,http_400,0,0,[],"{""A"": null, ""B"": null, ""C"": null, ""D"": null, ""E"": null}"
4,643808,6438,109,"[5, 3, 1, 4, 2]",0,v1,,C,,http_400,0,0,[],"{""A"": null, ""B"": null, ""C"": null, ""D"": null, ""E"": null}"
4,643808,6438,114,"[5, 4, 1, 2, 3]",0,v1,,C,,http_400,0,0,[],"{""A"": null, ""B"": null, ""C"": null, ""D"": null, ""E"": null}"
4,643808,6438,119,"[5, 4, 3, 2, 1]",0,v1,,E,,http_400,0,0,[],"{""A"": null, ""B"": null, ""C"": null, ""D"": null, ""E"": null}"
5,643809,6438,0,"[1, 2, 3, 4, 5]",0,v1,,A,,http_400,0,0,[],"{""A"": null, ""B"": null, ""C"": null, ""D"": null, ""E"": null}"
5,643809,6438,1,"[1, 2, 3, 5, 4]",0,v1,,A,,http_400,0,0,[],"{""A"": null, ""B"": null, ""C"": null, ""D"": null, ""E"": null}"
5,643809,6438,10,"[1, 3, 5, 2, 4]",0,v1,,A,,http_400,0,0,[],"{""A"": null, ""B"": null, ""C"": null, ""D"": null, ""E"": null}"
5,643809,6438,13,"[1, 4, 2, 5, 3]",0,v1,,A,,http_400,0,0,[],"{""A"": null, ""B"": null, ""C"": null, ""D"": null, ""E"": null}"
5,643809,6438,23,"[1, 5, 4, 3, 2]",0,v1,,A,,http_400,0,0,[],"{""A"": null, ""B"": null, ""C"": null, ""D"": null, ""E"": null}"
5,643809,6438,29,"[2, 1, 5, 4, 3]",0,v1,,B,,http_400,0,0,[],"{""A"": null, ""B"": null, ""C"": null, ""D"": null, ""E"": null}"
5,643809,6438,33,"[2, 3, 4, 5, 1]",0,v1,,E,,http_400,0,0,[],"{""A"": null, ""B"": null, ""C"": null, ""D"": null, ""E"": null}"
5,643809,6438,35,"[2, 3, 5, 4, 1]",0,v1,,E,,http_400,0,0,[],"{""A"": null, ""B"": null, ""C"": null, ""D"": null, ""E"": null}"
5,643809,6438,36,"[2, 4, 1, 3, 5]",0,v1,,C,,http_400,0,0,[],"{""A"": null, ""B"": null, ""C"": null, ""D"": null, ""E"": null}"
5,643809,6438,44,"[2, 5, 3, 1, 4]",0,v1,,D,,http_400,0,0,[],"{""A"": null, ""B"": null, ""C"": null, ""D"": null, ""E"": null}"
5,643809,6438,50,"[3, 1, 4, 2, 5]",0,v1,,B,,http_400,0,0,[],"{""A"": null, ""B"": null, ""C"": null, ""D"": null, ""E"": null}"
5,643809,6438,55,"[3, 2, 1, 5, 4]",0,v1,,C,,http_400,0,0,[],"{""A"": null, ""B"": null, ""C"": null, ""D"": null, ""E"": null}"
5,643809,6438,64,"[3, 4, 5, 1, 2]",0,v1,,D,,http_400,0,0,[],"{""A"": null, ""B"": null, ""C"": null, ""D"": null, ""E"": null}"
5,643809,6438,69,"[3, 5, 2, 4, 1]",0,v1,,E,,http_400,0,0,[],"{""A"": null, ""B"": null, ""C"": null, ""D"": null, ""E"": null}"
5,643809,6438,70,"[3, 5, 4, 1, 2]",0,v1,,D,,http_400,0,0,[],"{""A"": null, ""B"": null, ""C"": null, ""D"": null, ""E"": null}"
5,643809,6438,72,"[4, 1, 2, 3, 5]",0,v1,,B,,http_400,0,0,[],"{""A"": null, ""B"": null, ""C"": null, ""D"": null, ""E"": null}"
5,643809,6438,75,"[4, 1, 3, 5, 2]",0,v1,,B,,http_400,0,0,[],"{""A"": null, ""B"": null, ""C"": null, ""D"": null, ""E"": null}"
5,643809,6438,83,"[4, 2, 5, 3, 1]",0,v1,,E,,http_400,0,0,[],"{""A"": null, ""B"": null, ""C"": null, ""D"": null, ""E"": null}"
5,643809,6438,86,"[4, 3, 2, 1, 5]",0,v1,,D,,http_400,0,0,[],"{""A"": null, ""B"": null, ""C"": null, ""D"": null, ""E"": null}"
5,643809,6438,90,"[4, 5, 1, 2, 3]",0,v1,,C,,http_400,0,0,[],"{""A"": null, ""B"": null, ""C"": null, ""D"": null, ""E"": null}"
5,643809,6438,96,"[5, 1, 2, 3, 4]",0,v1,,B,,http_400,0,0,[],"{""A"": null, ""B"": null, ""C"": null, ""D"": null, ""E"": null}"
5,643809,6438,106,"[5, 2, 4, 1, 3]",0,v1,,D,,http_400,0,0,[],"{""A"": null, ""B"": null, ""C"": null, ""D"": null, ""E"": null}"
5,643809,6438,109,"[5, 3, 1, 4, 2]",0,v1,,C,,typeerror,0,0,[],"{""A"": null, ""B"": null, ""C"": null, ""D"": null, ""E"": null}"
5,643809,6438,114,"[5, 4, 1, 2, 3]",0,v1,,C,,http_400,0,0,[],"{""A"": null, ""B"": null, ""C"": null, ""D"": null, ""E"": null}"
5,643809,6438,119,"[5, 4, 3, 2, 1]",0,v1,,E,,http_400,0,0,[],"{""A"": null, ""B"": null, ""C"": null, ""D"": null, ""E"": null}"
6,643810,6438,0,"[1, 2, 3, 4, 5]",0,v1,,A,,http_400,0,0,[],"{""A"": null, ""B"": null, ""C"": null, ""D"": null, ""E"": null}"
6,643810,6438,1,"[1, 2, 3, 5, 4]",0,v1,,A,,http_400,0,0,[],"{""A"": null, ""B"": null, ""C"": null, ""D"": null, ""E"": null}"
6,643810,6438,10,"[1, 3, 5, 2, 4]",0,v1,,A,,http_400,0,0,[],"{""A"": null, ""B"": null, ""C"": null, ""D"": null, ""E"": null}"
6,643810,6438,13,"[1, 4, 2, 5, 3]",0,v1,,A,,http_400,0,0,[],"{""A"": null, ""B"": null, ""C"": null, ""D"": null, ""E"": null}"
6,643810,6438,23,"[1, 5, 4, 3, 2]",0,v1,,A,,http_400,0,0,[],"{""A"": null, ""B"": null, ""C"": null, ""D"": null, ""E"": null}"
6,643810,6438,29,"[2, 1, 5, 4, 3]",0,v1,,B,,http_400,0,0,[],"{""A"": null, ""B"": null, ""C"": null, ""D"": null, ""E"": null}"
6,643810,6438,33,"[2, 3, 4, 5, 1]",0,v1,,E,,http_400,0,0,[],"{""A"": null, ""B"": null, ""C"": null, ""D"": null, ""E"": null}"
6,643810,6438,35,"[2, 3, 5, 4, 1]",0,v1,,E,,http_400,0,0,[],"{""A"": null, ""B"": null, ""C"": null, ""D"": null, ""E"": null}"
6,643810,6438,36,"[2, 4, 1, 3, 5]",0,v1,,C,,http_400,0,0,[],"{""A"": null, ""B"": null, ""C"": null, ""D"": null, ""E"": null}"
6,643810,6438,44,"[2, 5, 3, 1, 4]",0,v1,,D,,http_400,0,0,[],"{""A"": null, ""B"": null, ""C"": null, ""D"": null, ""E"": null}"
6,643810,6438,50,"[3, 1, 4, 2, 5]",0,v1,,B,,http_400,0,0,[],"{""A"": null, ""B"": null, ""C"": null, ""D"": null, ""E"": null}"
6,643810,6438,55,"[3, 2, 1, 5, 4]",0,v1,,C,,http_400,0,0,[],"{""A"": null, ""B"": null, ""C"": null, ""D"": null, ""E"": null}"
6,643810,6438,64,"[3, 4, 5, 1, 2]",0,v1,,D,,http_400,0,0,[],"{""A"": null, ""B"": null, ""C"": null, ""D"": null, ""E"": null}"
6,643810,6438,69,"[3, 5, 2, 4, 1]",0,v1,,E,,http_400,0,0,[],"{""A"": null, ""B"": null, ""C"": null, ""D"": null, ""E"": null}"
6,643810,6438,70,"[3, 5, 4, 1, 2]",0,v1,,D,,http_400,0,0,[],"{""A"": null, ""B"": null, ""C"": null, ""D"": null, ""E"": null}"
6,643810,6438,72,"[4, 1, 2, 3, 5]",0,v1,,B,,http_400,0,0,[],"{""A"": null, ""B"": null, ""C"": null, ""D"": null, ""E"": null}"
6,643810,6438,75,"[4, 1, 3, 5, 2]",0,v1,,B,,http_400,0,0,[],"{""A"": null, ""B"": null, ""C"": null, ""D"": null, ""E"": null}"
6,643810,6438,83,"[4, 2, 5, 3, 1]",0,v1,,E,,http_400,0,0,[],"{""A"": null, ""B"": null, ""C"": null, ""D"": null, ""E"": null}"
6,643810,6438,86,"[4, 3, 2, 1, 5]",0,v1,,D,,http_400,0,0,[],"{""A"": null, ""B"": null, ""C"": null, ""D"": null, ""E"": null}"
6,643810,6438,90,"[4, 5, 1, 2, 3]",0,v1,,C,,http_400,0,0,[],"{""A"": null, ""B"": null, ""C"": null, ""D"": null, ""E"": null}"
6,643810,6438,96,"[5, 1, 2, 3, 4]",0,v1,,B,,http_400,0,0,[],"{""A"": null, ""B"": null, ""C"": null, ""D"": null, ""E"": null}"
6,643810,6438,106,"[5, 2, 4, 1, 3]",0,v1,,D,,http_400,0,0,[],"{""A"": null, ""B"": null, ""C"": null, ""D"": null, ""E"": null}"
6,643810,6438,109,"[5, 3, 1, 4, 2]",0,v1,,C,,http_400,0,0,[],"{""A"": null, ""B"": null, ""C"": null, ""D"": null, ""E"": null}"
6,643810,6438,114,"[5, 4, 1, 2, 3]",0,v1,,C,,http_400,0,0,[],"{""A"": null, ""B"": null, ""C"": null, ""D"": null, ""E"": null}"
6,643810,6438,119,"[5, 4, 3, 2, 1]",0,v1,,E,,http_400,0,0,[],"{""A"": null, ""B"": null, ""C"": null, ""D"": null, ""E"": null}"
7,643811,6438,0,"[1, 2, 3, 4, 5]",0,v1,,A,,http_400,0,0,[],"{""A"": null, ""B"": null, ""C"": null, ""D"": null, ""E"": null}"
7,643811,6438,1,"[1, 2, 3, 5, 4]",0,v1,,A,,http_400,0,0,[],"{""A"": null, ""B"": null, ""C"": null, ""D"": null, ""E"": null}"
7,643811,6438,10,"[1, 3, 5, 2, 4]",0,v1,,A,,http_400,0,0,[],"{""A"": null, ""B"": null, ""C"": null, ""D"": null, ""E"": null}"
7,643811,6438,13,"[1, 4, 2, 5, 3]",0,v1,,A,,http_400,0,0,[],"{""A"": null, ""B"": null, ""C"": null, ""D"": null, ""E"": null}"
7,643811,6438,23,"[1, 5, 4, 3, 2]",0,v1,,A,,http_400,0,0,[],"{""A"": null, ""B"": null, ""C"": null, ""D"": null, ""E"": null}"
7,643811,6438,29,"[2, 1, 5, 4, 3]",0,v1,,B,,http_400,0,0,[],"{""A"": null, ""B"": null, ""C"": null, ""D"": null, ""E"": null}"
7,643811,6438,33,"[2, 3, 4, 5, 1]",0,v1,,E,,http_400,0,0,[],"{""A"": null, ""B"": null, ""C"": null, ""D"": null, ""E"": null}"
7,643811,6438,35,"[2, 3, 5, 4, 1]",0,v1,,E,,http_400,0,0,[],"{""A"": null, ""B"": null, ""C"": null, ""D"": null, ""E"": null}"
7,643811,6438,36,"[2, 4, 1, 3, 5]",0,v1,,C,,http_400,0,0,[],"{""A"": null, ""B"": null, ""C"": null, ""D"": null, ""E"": null}"
7,643811,6438,44,"[2, 5, 3, 1, 4]",0,v1,,D,,http_400,0,0,[],"{""A"": null, ""B"": null, ""C"": null, ""D"": null, ""E"": null}"
7,643811,6438,50,"[3, 1, 4, 2, 5]",0,v1,,B,,http_400,0,0,[],"{""A"": null, ""B"": null, ""C"": null, ""D"": null, ""E"": null}"
7,643811,6438,55,"[3, 2, 1, 5, 4]",0,v1,,C,,http_400,0,0,[],"{""A"": null, ""B"": null, ""C"": null, ""D"": null, ""E"": null}"
7,643811,6438,64,"[3, 4, 5, 1, 2]",0,v1,,D,,http_400,0,0,[],"{""A"": null, ""B"": null, ""C"": null, ""D"": null, ""E"": null}"
7,643811,6438,69,"[3, 5, 2, 4, 1]",0,v1,,E,,http_400,0,0,[],"{""A"": null, ""B"": null, ""C"": null, ""D"": null, ""E"": null}"
7,643811,6438,70,"[3, 5, 4, 1, 2]",0,v1,,D,,http_400,0,0,[],"{""A"": null, ""B"": null, ""C"": null, ""D"": null, ""E"": null}"
7,643811,6438,72,"[4, 1, 2, 3, 5]",0,v1,,B,,http_400,0,0,[],"{""A"": null, ""B"": null, ""C"": null, ""D"": null, ""E"": null}"
7,643811,6438,75,"[4, 1, 3, 5, 2]",0,v1,,B,,http_400,0,0,[],"{""A"": null, ""B"": null, ""C"": null, ""D"": null, ""E"": null}"
7,643811,6438,83,"[4, 2, 5, 3, 1]",0,v1,,E,,http_400,0,0,[],"{""A"": null, ""B"": null, ""C"": null, ""D"": null, ""E"": null}"
7,643811,6438,86,"[4, 3, 2, 1, 5]",0,v1,,D,,http_400,0,0,[],"{""A"": null, ""B"": null, ""C"": null, ""D"": null, ""E"": null}"
7,643811,6438,90,"[4, 5, 1, 2, 3]",0,v1,,C,,http_400,0,0,[],"{""A"": null, ""B"": null, ""C"": null, ""D"": null, ""E"": null}"
7,643811,6438,96,"[5, 1, 2, 3, 4]",0,v1,,B,,http_400,0,0,[],"{""A"": null, ""B"": null, ""C"": null, ""D"": null, ""E"": null}"
7,643811,6438,106,"[5, 2, 4, 1, 3]",0,v1,,D,,http_400,0,0,[],"{""A"": null, ""B"": null, ""C"": null, ""D"": null, ""E"": null}"
7,643811,6438,109,"[5, 3, 1, 4, 2]",0,v1,,C,,http_400,0,0,[],"{""A"": null, ""B"": null, ""C"": null, ""D"": null, ""E"": null}"
7,643811,6438,114,"[5, 4, 1, 2, 3]",0,v1,,C,,http_400,0,0,[],"{""A"": null, ""B"": null, ""C"": null, ""D"": null, ""E"": null}"
7,643811,6438,119,"[5, 4, 3, 2, 1]",0,v1,,E,,http_400,0,0,[],"{""A"": null, ""B"": null, ""C"": null, ""D"": null, ""E"": null}"
8,643812,6438,0,"[1, 2, 3, 4, 5]",0,v1,,A,,http_400,0,0,[],"{""A"": null, ""B"": null, ""C"": null, ""D"": null, ""E"": null}"
8,643812,6438,1,"[1, 2, 3, 5, 4]",0,v1,,A,,http_400,0,0,[],"{""A"": null, ""B"": null, ""C"": null, ""D"": null, ""E"": null}"
8,643812,6438,10,"[1, 3, 5, 2, 4]",0,v1,,A,,http_400,0,0,[],"{""A"": null, ""B"": null, ""C"": null, ""D"": null, ""E"": null}"
8,643812,6438,13,"[1, 4, 2, 5, 3]",0,v1,,A,,http_400,0,0,[],"{""A"": null, ""B"": null, ""C"": null, ""D"": null, ""E"": null}"
8,643812,6438,23,"[1, 5, 4, 3, 2]",0,v1,,A,,http_400,0,0,[],"{""A"": null, ""B"": null, ""C"": null, ""D"": null, ""E"": null}"
8,643812,6438,29,"[2, 1, 5, 4, 3]",0,v1,,B,,http_400,0,0,[],"{""A"": null, ""B"": null, ""C"": null, ""D"": null, ""E"": null}"
8,643812,6438,33,"[2, 3, 4, 5, 1]",0,v1,,E,,http_400,0,0,[],"{""A"": null, ""B"": null, ""C"": null, ""D"": null, ""E"": null}"
8,643812,6438,35,"[2, 3, 5, 4, 1]",0,v1,,E,,http_400,0,0,[],"{""A"": null, ""B"": null, ""C"": null, ""D"": null, ""E"": null}"
8,643812,6438,36,"[2, 4, 1, 3, 5]",0,v1,,C,,http_400,0,0,[],"{""A"": null, ""B"": null, ""C"": null, ""D"": null, ""E"": null}"
8,643812,6438,44,"[2, 5, 3, 1, 4]",0,v1,,D,,http_400,0,0,[],"{""A"": null, ""B"": null, ""C"": null, ""D"": null, ""E"": null}"
8,643812,6438,50,"[3, 1, 4, 2, 5]",0,v1,,B,,http_400,0,0,[],"{""A"": null, ""B"": null, ""C"": null, ""D"": null, ""E"": null}"
8,643812,6438,55,"[3, 2, 1, 5, 4]",0,v1,,C,,http_400,0,0,[],"{""A"": null, ""B"": null, ""C"": null, ""D"": null, ""E"": null}"
8,643812,6438,64,"[3, 4, 5, 1, 2]",0,v1,,D,,http_400,0,0,[],"{""A"": null, ""B"": null, ""C"": null, ""D"": null, ""E"": null}"
8,643812,6438,69,"[3, 5, 2, 4, 1]",0,v1,,E,,http_400,0,0,[],"{""A"": null, ""B"": null, ""C"": null, ""D"": null, ""E"": null}"
8,643812,6438,70,"[3, 5, 4, 1, 2]",0,v1,,D,,http_400,0,0,[],"{""A"": null, ""B"": null, ""C"": null, ""D"": null, ""E"": null}"
8,643812,6438,72,"[4, 1, 2, 3, 5]",0,v1,,B,,http_400,0,0,[],"{""A"": null, ""B"": null, ""C"": null, ""D"": null, ""E"": null}"
8,643812,6438,75,"[4, 1, 3, 5, 2]",0,v1,,B,,http_400,0,0,[],"{""A"": null, ""B"": null, ""C"": null, ""D"": null, ""E"": null}"
8,643812,6438,83,"[4, 2, 5, 3, 1]",0,v1,,E,,http_400,0,0,[],"{""A"": null, ""B"": null, ""C"": null, ""D"": null, ""E"": null}"
8,643812,6438,86,"[4, 3, 2, 1, 5]",0,v1,,D,,http_400,0,0,[],"{""A"": null, ""B"": null, ""C"": null, ""D"": null, ""E"": null}"
8,643812,6438,90,"[4, 5, 1, 2, 3]",0,v1,,C,,http_400,0,0,[],"{""A"": null, ""B"": null, ""C"": null, ""D"": null, ""E"": null}"
8,643812,6438,96,"[5, 1, 2, 3, 4]",0,v1,,B,,http_400,0,0,[],"{""A"": null, ""B"": null, ""C"": null, ""D"": null, ""E"": null}"
8,643812,6438,106,"[5, 2, 4, 1, 3]",0,v1,,D,,http_400,0,0,[],"{""A"": null, ""B"": null, ""C"": null, ""D"": null, ""E"": null}"
8,643812,6438,109,"[5, 3, 1, 4, 2]",0,v1,,C,,http_400,0,0,[],"{""A"": null, ""B"": null, ""C"": null, ""D"": null, ""E"": null}"
8,643812,6438,114,"[5, 4, 1, 2, 3]",0,v1,,C,,http_400,0,0,[],"{""A"": null, ""B"": null, ""C"": null, ""D"": null, ""E"": null}"
8,643812,6438,119,"[5, 4, 3, 2, 1]",0,v1,,E,,http_400,0,0,[],"{""A"": null, ""B"": null, ""C"": null, ""D"": null, ""E"": null}"
9,643813,6438,0,"[1, 2, 3, 4, 5]",0,v1,,A,,http_400,0,0,[],"{""A"": null, ""B"": null, ""C"": null, ""D"": null, ""E"": null}"
9,643813,6438,1,"[1, 2, 3, 5, 4]",0,v1,,A,,http_400,0,0,[],"{""A"": null, ""B"": null, ""C"": null, ""D"": null, ""E"": null}"
9,643813,6438,10,"[1, 3, 5, 2, 4]",0,v1,,A,,http_400,0,0,[],"{""A"": null, ""B"": null, ""C"": null, ""D"": null, ""E"": null}"
9,643813,6438,13,"[1, 4, 2, 5, 3]",0,v1,,A,,http_400,0,0,[],"{""A"": null, ""B"": null, ""C"": null, ""D"": null, ""E"": null}"
9,643813,6438,23,"[1, 5, 4, 3, 2]",0,v1,,A,,http_400,0,0,[],"{""A"": null, ""B"": null, ""C"": null, ""D"": null, ""E"": null}"
9,643813,6438,29,"[2, 1, 5, 4, 3]",0,v1,,B,,http_400,0,0,[],"{""A"": null, ""B"": null, ""C"": null, ""D"": null, ""E"": null}"
9,643813,6438,33,"[2, 3, 4, 5, 1]",0,v1,,E,,http_400,0,0,[],"{""A"": null, ""B"": null, ""C"": null, ""D"": null, ""E"": null}"
9,643813,6438,35,"[2, 3, 5, 4, 1]",0,v1,,E,,http_400,0,0,[],"{""A"": null, ""B"": null, ""C"": null, ""D"": null, ""E"": null}"
9,643813,6438,36,"[2, 4, 1, 3, 5]",0,v1,,C,,http_400,0,0,[],"{""A"": null, ""B"": null, ""C"": null, ""D"": null, ""E"": null}"
9,643813,6438,44,"[2, 5, 3, 1, 4]",0,v1,,D,,http_400,0,0,[],"{""A"": null, ""B"": null, ""C"": null, ""D"": null, ""E"": null}"
9,643813,6438,50,"[3, 1, 4, 2, 5]",0,v1,,B,,http_400,0,0,[],"{""A"": null, ""B"": null, ""C"": null, ""D"": null, ""E"": null}"
9,643813,6438,55,"[3, 2, 1, 5, 4]",0,v1,,C,,http_400,0,0,[],"{""A"": null, ""B"": null, ""C"": null, ""D"": null, ""E"": null}"
9,643813,6438,64,"[3, 4, 5, 1, 2]",0,v1,,D,,http_400,0,0,[],"{""A"": null, ""B"": null, ""C"": null, ""D"": null, ""E"": null}"
9,643813,6438,69,"[3, 5, 2, 4, 1]",0,v1,,E,,http_400,0,0,[],"{""A"": null, ""B"": null, ""C"": null, ""D"": null, ""E"": null}"
9,643813,6438,70,"[3, 5, 4, 1, 2]",0,v1,,D,,http_400,0,0,[],"{""A"": null, ""B"": null, ""C"": null, ""D"": null, ""E"": null}"
9,643813,6438,72,"[4, 1, 2, 3, 5]",0,v1,,B,,http_400,0,0,[],"{""A"": null, ""B"": null, ""C"": null, ""D"": null, ""E"": null}"
9,643813,6438,75,"[4, 1, 3, 5, 2]",0,v1,,B,,http_400,0,0,[],"{""A"": null, ""B"": null, ""C"": null, ""D"": null, ""E"": null}"
9,643813,6438,83,"[4, 2, 5, 3, 1]",0,v1,,E,,http_400,0,0,[],"{""A"": null, ""B"": null, ""C"": null, ""D"": null, ""E"": null}"
9,643813,6438,86,"[4, 3, 2, 1, 5]",0,v1,,D,,http_400,0,0,[],"{""A"": null, ""B"": null, ""C"": null, ""D"": null, ""E"": null}"
9,643813,6438,90,"[4, 5, 1, 2, 3]",0,v1,,C,,http_400,0,0,[],"{""A"": null, ""B"": null, ""C"": null, ""D"": null, ""E"": null}"
9,643813,6438,96,"[5, 1, 2, 3, 4]",0,v1,,B,,http_400,0,0,[],"{""A"": null, ""B"": null, ""C"": null, ""D"": null, ""E"": null}"
9,643813,6438,106,"[5, 2, 4, 1, 3]",0,v1,,D,,http_400,0,0,[],"{""A"": null, ""B"": null, ""C"": null, ""D"": null, ""E"": null}"
9,643813,6438,109,"[5, 3, 1, 4, 2]",0,v1,,C,,http_400,0,0,[],"{""A"": null, ""B"": null, ""C"": null, ""D"": null, ""E"": null}"
9,643813,6438,114,"[5, 4, 1, 2, 3]",0,v1,,C,,http_400,0,0,[],"{""A"": null, ""B"": null, ""C"": null, ""D"": null, ""E"": null}"
9,643813,6438,119,"[5, 4, 3, 2, 1]",0,v1,,E,,http_400,0,0,[],"{""A"": null, ""B"": null, ""C"": null, ""D"": null, ""E"": null}"
10,643814,6438,0,"[1, 2, 3, 4, 5]",0,v1,,A,,http_400,0,0,[],"{""A"": null, ""B"": null, ""C"": null, ""D"": null, ""E"": null}"
10,643814,6438,1,"[1, 2, 3, 5, 4]",0,v1,,A,,http_400,0,0,[],"{""A"": null, ""B"": null, ""C"": null, ""D"": null, ""E"": null}"
10,643814,6438,10,"[1, 3, 5, 2, 4]",0,v1,,A,,http_400,0,0,[],"{""A"": null, ""B"": null, ""C"": null, ""D"": null, ""E"": null}"
10,643814,6438,13,"[1, 4, 2, 5, 3]",0,v1,,A,,http_400,0,0,[],"{""A"": null, ""B"": null, ""C"": null, ""D"": null, ""E"": null}"
10,643814,6438,23,"[1, 5, 4, 3, 2]",0,v1,,A,,http_400,0,0,[],"{""A"": null, ""B"": null, ""C"": null, ""D"": null, ""E"": null}"
10,643814,6438,29,"[2, 1, 5, 4, 3]",0,v1,,B,,http_400,0,0,[],"{""A"": null, ""B"": null, ""C"": null, ""D"": null, ""E"": null}"
10,643814,6438,33,"[2, 3, 4, 5, 1]",0,v1,,E,,http_400,0,0,[],"{""A"": null, ""B"": null, ""C"": null, ""D"": null, ""E"": null}"
10,643814,6438,35,"[2, 3, 5, 4, 1]",0,v1,,E,,http_400,0,0,[],"{""A"": null, ""B"": null, ""C"": null, ""D"": null, ""E"": null}"
10,643814,6438,36,"[2, 4, 1, 3, 5]",0,v1,,C,,http_400,0,0,[],"{""A"": null, ""B"": null, ""C"": null, ""D"": null, ""E"": null}"
10,643814,6438,44,"[2, 5, 3, 1, 4]",0,v1,,D,,http_400,0,0,[],"{""A"": null, ""B"": null, ""C"": null, ""D"": null, ""E"": null}"
10,643814,6438,50,"[3, 1, 4, 2, 5]",0,v1,,B,,http_400,0,0,[],"{""A"": null, ""B"": null, ""C"": null, ""D"": null, ""E"": null}"
10,643814,6438,55,"[3, 2, 1, 5, 4]",0,v1,,C,,http_400,0,0,[],"{""A"": null, ""B"": null, ""C"": null, ""D"": null, ""E"": null}"
10,643814,6438,64,"[3, 4, 5, 1, 2]",0,v1,,D,,http_400,0,0,[],"{""A"": null, ""B"": null, ""C"": null, ""D"": null, ""E"": null}"
10,643814,6438,69,"[3, 5, 2, 4, 1]",0,v1,,E,,http_400,0,0,[],"{""A"": null, ""B"": null, ""C"": null, ""D"": null, ""E"": null}"
10,643814,6438,70,"[3, 5, 4, 1, 2]",0,v1,,D,,http_400,0,0,[],"{""A"": null, ""B"": null, ""C"": null, ""D"": null, ""E"": null}"
10,643814,6438,72,"[4, 1, 2, 3, 5]",0,v1,,B,,http_400,0,0,[],"{""A"": null, ""B"": null, ""C"": null, ""D"": null, ""E"": null}"
10,643814,6438,75,"[4, 1, 3, 5, 2]",0,v1,,B,,http_400,0,0,[],"{""A"": null, ""B"": null, ""C"": null, ""D"": null, ""E"": null}"
10,643814,6438,83,"[4, 2, 5, 3, 1]",0,v1,,E,,http_400,0,0,[],"{""A"": null, ""B"": null, ""C"": null, ""D"": null, ""E"": null}"
10,643814,6438,86,"[4, 3, 2, 1, 5]",0,v1,,D,,http_400,0,0,[],"{""A"": null, ""B"": null, ""C"": null, ""D"": null, ""E"": null}"
10,643814,6438,90,"[4, 5, 1, 2, 3]",0,v1,,C,,http_400,0,0,[],"{""A"": null, ""B"": null, ""C"": null, ""D"": null, ""E"": null}"
10,643814,6438,96,"[5, 1, 2, 3, 4]",0,v1,,B,,http_400,0,0,[],"{""A"": null, ""B"": null, ""C"": null, ""D"": null, ""E"": null}"
10,643814,6438,106,"[5, 2, 4, 1, 3]",0,v1,,D,,http_400,0,0,[],"{""A"": null, ""B"": null, ""C"": null, ""D"": null, ""E"": null}"
10,643814,6438,109,"[5, 3, 1, 4, 2]",0,v1,,C,,http_400,0,0,[],"{""A"": null, ""B"": null, ""C"": null, ""D"": null, ""E"": null}"
10,643814,6438,114,"[5, 4, 1, 2, 3]",0,v1,,C,,http_400,0,0,[],"{""A"": null, ""B"": null, ""C"": null, ""D"": null, ""E"": null}"
10,643814,6438,119,"[5, 4, 3, 2, 1]",0,v1,,E,,http_400,0,0,[],"{""A"": null, ""B"": null, ""C"": null, ""D"": null, ""E"": null}"
11,643815,6438,0,"[1, 2, 3, 4, 5]",0,v1,,A,,http_400,0,0,[],"{""A"": null, ""B"": null, ""C"": null, ""D"": null, ""E"": null}"
11,643815,6438,1,"[1, 2, 3, 5, 4]",0,v1,,A,,http_400,0,0,[],"{""A"": null, ""B"": null, ""C"": null, ""D"": null, ""E"": null}"
11,643815,6438,10,"[1, 3, 5, 2, 4]",0,v1,,A,,http_400,0,0,[],"{""A"": null, ""B"": null, ""C"": null, ""D"": null, ""E"": null}"
11,643815,6438,13,"[1, 4, 2, 5, 3]",0,v1,,A,,http_400,0,0,[],"{""A"": null, ""B"": null, ""C"": null, ""D"": null, ""E"": null}"
11,643815,6438,23,"[1, 5, 4, 3, 2]",0,v1,,A,,http_400,0,0,[],"{""A"": null, ""B"": null, ""C"": null, ""D"": null, ""E"": null}"
11,643815,6438,29,"[2, 1, 5, 4, 3]",0,v1,,B,,http_400,0,0,[],"{""A"": null, ""B"": null, ""C"": null, ""D"": null, ""E"": null}"
11,643815,6438,33,"[2, 3, 4, 5, 1]",0,v1,,E,,http_400,0,0,[],"{""A"": null, ""B"": null, ""C"": null, ""D"": null, ""E"": null}"
11,643815,6438,35,"[2, 3, 5, 4, 1]",0,v1,,E,,http_400,0,0,[],"{""A"": null, ""B"": null, ""C"": null, ""D"": null, ""E"": null}"
11,643815,6438,36,"[2, 4, 1, 3, 5]",0,v1,,C,,http_400,0,0,[],"{""A"": null, ""B"": null, ""C"": null, ""D"": null, ""E"": null}"
11,643815,6438,44,"[2, 5, 3, 1, 4]",0,v1,,D,,http_400,0,0,[],"{""A"": null, ""B"": null, ""C"": null, ""D"": null, ""E"": null}"
11,643815,6438,50,"[3, 1, 4, 2, 5]",0,v1,,B,,http_400,0,0,[],"{""A"": null, ""B"": null, ""C"": null, ""D"": null, ""E"": null}"
11,643815,6438,55,"[3, 2, 1, 5, 4]",0,v1,,C,,http_400,0,0,[],"{""A"": null, ""B"": null, ""C"": null, ""D"": null, ""E"": null}"
11,643815,6438,64,"[3, 4, 5, 1, 2]",0,v1,,D,,http_400,0,0,[],"{""A"": null, ""B"": null, ""C"": null, ""D"": null, ""E"": null}"
11,643815,6438,69,"[3, 5, 2, 4, 1]",0,v1,,E,,http_400,0,0,[],"{""A"": null, ""B"": null, ""C"": null, ""D"": null, ""E"": null}"
11,643815,6438,70,"[3, 5, 4, 1, 2]",0,v1,,D,,http_400,0,0,[],"{""A"": null, ""B"": null, ""C"": null, ""D"": null, ""E"": null}"
11,643815,6438,72,"[4, 1, 2, 3, 5]",0,v1,,B,,http_400,0,0,[],"{""A"": null, ""B"": null, ""C"": null, ""D"": null, ""E"": null}"
11,643815,6438,75,"[4, 1, 3, 5, 2]",0,v1,,B,,http_400,0,0,[],"{""A"": null, ""B"": null, ""C"": null, ""D"": null, ""E"": null}"
11,643815,6438,83,"[4, 2, 5, 3, 1]",0,v1,,E,,http_400,0,0,[],"{""A"": null, ""B"": null, ""C"": null, ""D"": null, ""E"": null}"
11,643815,6438,86,"[4, 3, 2, 1, 5]",0,v1,,D,,http_400,0,0,[],"{""A"": null, ""B"": null, ""C"": null, ""D"": null, ""E"": null}"
11,643815,6438,90,"[4, 5, 1, 2, 3]",0,v1,,C,,http_400,0,0,[],"{""A"": null, ""B"": null, ""C"": null, ""D"": null, ""E"": null}"
11,643815,6438,96,"[5, 1, 2, 3, 4]",0,v1,,B,,http_400,0,0,[],"{""A"": null, ""B"": null, ""C"": null, ""D"": null, ""E"": null}"
11,643815,6438,106,"[5, 2, 4, 1, 3]",0,v1,,D,,http_400,0,0,[],"{""A"": null, ""B"": null, ""C"": null, ""D"": null, ""E"": null}"
11,643815,6438,109,"[5, 3, 1, 4, 2]",0,v1,,C,,http_400,0,0,[],"{""A"": null, ""B"": null, ""C"": null, ""D"": null, ""E"": null}"
11,643815,6438,114,"[5, 4, 1, 2, 3]",0,v1,,C,,http_400,0,0,[],"{""A"": null, ""B"": null, ""C"": null, ""D"": null, ""E"": null}"
11,643815,6438,119,"[5, 4, 3, 2, 1]",0,v1,,E,,http_400,0,0,[],"{""A"": null, ""B"": null, ""C"": null, ""D"": null, ""E"": null}"
12,643816,6438,0,"[1, 2, 3, 4, 5]",0,v1,,A,,http_400,0,0,[],"{""A"": null, ""B"": null, ""C"": null, ""D"": null, ""E"": null}"
12,643816,6438,1,"[1, 2, 3, 5, 4]",0,v1,,A,,http_400,0,0,[],"{""A"": null, ""B"": null, ""C"": null, ""D"": null, ""E"": null}"
12,643816,6438,10,"[1, 3, 5, 2, 4]",0,v1,,A,,http_400,0,0,[],"{""A"": null, ""B"": null, ""C"": null, ""D"": null, ""E"": null}"
12,643816,6438,13,"[1, 4, 2, 5, 3]",0,v1,,A,,http_400,0,0,[],"{""A"": null, ""B"": null, ""C"": null, ""D"": null, ""E"": null}"
12,643816,6438,23,"[1, 5, 4, 3, 2]",0,v1,,A,,http_400,0,0,[],"{""A"": null, ""B"": null, ""C"": null, ""D"": null, ""E"": null}"
12,643816,6438,29,"[2, 1, 5, 4, 3]",0,v1,,B,,http_400,0,0,[],"{""A"": null, ""B"": null, ""C"": null, ""D"": null, ""E"": null}"
12,643816,6438,33,"[2, 3, 4, 5, 1]",0,v1,,E,,http_400,0,0,[],"{""A"": null, ""B"": null, ""C"": null, ""D"": null, ""E"": null}"
12,643816,6438,35,"[2, 3, 5, 4, 1]",0,v1,,E,,http_400,0,0,[],"{""A"": null, ""B"": null, ""C"": null, ""D"": null, ""E"": null}"
12,643816,6438,36,"[2, 4, 1, 3, 5]",0,v1,,C,,http_400,0,0,[],"{""A"": null, ""B"": null, ""C"": null, ""D"": null, ""E"": null}"
12,643816,6438,44,"[2, 5, 3, 1, 4]",0,v1,,D,,http_400,0,0,[],"{""A"": null, ""B"": null, ""C"": null, ""D"": null, ""E"": null}"
12,643816,6438,50,"[3, 1, 4, 2, 5]",0,v1,,B,,http_400,0,0,[],"{""A"": null, ""B"": null, ""C"": null, ""D"": null, ""E"": null}"
12,643816,6438,55,"[3, 2, 1, 5, 4]",0,v1,,C,,http_400,0,0,[],"{""A"": null, ""B"": null, ""C"": null, ""D"": null, ""E"": null}"
12,643816,6438,64,"[3, 4, 5, 1, 2]",0,v1,,D,,http_400,0,0,[],"{""A"": null, ""B"": null, ""C"": null, ""D"": null, ""E"": null}"
12,643816,6438,69,"[3, 5, 2, 4, 1]",0,v1,,E,,http_400,0,0,[],"{""A"": null, ""B"": null, ""C"": null, ""D"": null, ""E"": null}"
12,643816,6438,70,"[3, 5, 4, 1, 2]",0,v1,,D,,http_400,0,0,[],"{""A"": null, ""B"": null, ""C"": null, ""D"": null, ""E"": null}"
12,643816,6438,72,"[4, 1, 2, 3, 5]",0,v1,,B,,http_400,0,0,[],"{""A"": null, ""B"": null, ""C"": null, ""D"": null, ""E"": null}"
12,643816,6438,75,"[4, 1, 3, 5, 2]",0,v1,,B,,http_400,0,0,[],"{""A"": null, ""B"": null, ""C"": null, ""D"": null, ""E"": null}"
12,643816,6438,83,"[4, 2, 5, 3, 1]",0,v1,,E,,http_400,0,0,[],"{""A"": null, ""B"": null, ""C"": null, ""D"": null, ""E"": null}"
12,643816,6438,86,"[4, 3, 2, 1, 5]",0,v1,,D,,http_400,0,0,[],"{""A"": null, ""B"": null, ""C"": null, ""D"": null, ""E"": null}"
12,643816,6438,90,"[4, 5, 1, 2, 3]",0,v1,,C,,http_400,0,0,[],"{""A"": null, ""B"": null, ""C"": null, ""D"": null, ""E"": null}"
12,643816,6438,96,"[5, 1, 2, 3, 4]",0,v1,,B,,http_400,0,0,[],"{""A"": null, ""B"": null, ""C"": null, ""D"": null, ""E"": null}"
12,643816,6438,106,"[5, 2, 4, 1, 3]",0,v1,,D,,http_400,0,0,[],"{""A"": null, ""B"": null, ""C"": null, ""D"": null, ""E"": null}"
12,643816,6438,109,"[5, 3, 1, 4, 2]",0,v1,,C,,http_400,0,0,[],"{""A"": null, ""B"": null, ""C"": null, ""D"": null, ""E"": null}"
12,643816,6438,114,"[5, 4, 1, 2, 3]",0,v1,,C,,http_400,0,0,[],"{""A"": null, ""B"": null, ""C"": null, ""D"": null, ""E"": null}"
12,643816,6438,119,"[5, 4, 3, 2, 1]",0,v1,,E,,http_400,0,0,[],"{""A"": null, ""B"": null, ""C"": null, ""D"": null, ""E"": null}"
13,643817,6438,0,"[1, 2, 3, 4, 5]",0,v1,,A,,http_400,0,0,[],"{""A"": null, ""B"": null, ""C"": null, ""D"": null, ""E"": null}"
13,643817,6438,1,"[1, 2, 3, 5, 4]",0,v1,,A,,http_400,0,0,[],"{""A"": null, ""B"": null, ""C"": null, ""D"": null, ""E"": null}"
13,643817,6438,10,"[1, 3, 5, 2, 4]",0,v1,,A,,http_400,0,0,[],"{""A"": null, ""B"": null, ""C"": null, ""D"": null, ""E"": null}"
13,643817,6438,13,"[1, 4, 2, 5, 3]",0,v1,,A,,http_400,0,0,[],"{""A"": null, ""B"": null, ""C"": null, ""D"": null, ""E"": null}"
13,643817,6438,23,"[1, 5, 4, 3, 2]",0,v1,,A,,http_400,0,0,[],"{""A"": null, ""B"": null, ""C"": null, ""D"": null, ""E"": null}"
13,643817,6438,29,"[2, 1, 5, 4, 3]",0,v1,,B,,http_400,0,0,[],"{""A"": null, ""B"": null, ""C"": null, ""D"": null, ""E"": null}"
13,643817,6438,33,"[2, 3, 4, 5, 1]",0,v1,,E,,http_400,0,0,[],"{""A"": null, ""B"": null, ""C"": null, ""D"": null, ""E"": null}"
13,643817,6438,35,"[2, 3, 5, 4, 1]",0,v1,,E,,http_400,0,0,[],"{""A"": null, ""B"": null, ""C"": null, ""D"": null, ""E"": null}"
13,643817,6438,36,"[2, 4, 1, 3, 5]",0,v1,,C,,http_400,0,0,[],"{""A"": null, ""B"": null, ""C"": null, ""D"": null, ""E"": null}"
13,643817,6438,44,"[2, 5, 3, 1, 4]",0,v1,,D,,http_400,0,0,[],"{""A"": null, ""B"": null, ""C"": null, ""D"": null, ""E"": null}"
13,643817,6438,50,"[3, 1, 4, 2, 5]",0,v1,,B,,http_400,0,0,[],"{""A"": null, ""B"": null, ""C"": null, ""D"": null, ""E"": null}"
13,643817,6438,55,"[3, 2, 1, 5, 4]",0,v1,,C,,http_400,0,0,[],"{""A"": null, ""B"": null, ""C"": null, ""D"": null, ""E"": null}"
13,643817,6438,64,"[3, 4, 5, 1, 2]",0,v1,,D,,http_400,0,0,[],"{""A"": null, ""B"": null, ""C"": null, ""D"": null, ""E"": null}"
13,643817,6438,69,"[3, 5, 2, 4, 1]",0,v1,,E,,http_400,0,0,[],"{""A"": null, ""B"": null, ""C"": null, ""D"": null, ""E"": null}"
13,643817,6438,70,"[3, 5, 4, 1, 2]",0,v1,,D,,http_400,0,0,[],"{""A"": null, ""B"": null, ""C"": null, ""D"": null, ""E"": null}"
13,643817,6438,72,"[4, 1, 2, 3, 5]",0,v1,,B,,http_400,0,0,[],"{""A"": null, ""B"": null, ""C"": null, ""D"": null, ""E"": null}"
13,643817,6438,75,"[4, 1, 3, 5, 2]",0,v1,,B,,http_400,0,0,[],"{""A"": null, ""B"": null, ""C"": null, ""D"": null, ""E"": null}"
13,643817,6438,83,"[4, 2, 5, 3, 1]",0,v1,,E,,http_400,0,0,[],"{""A"": null, ""B"": null, ""C"": null, ""D"": null, ""E"": null}"
13,643817,6438,86,"[4, 3, 2, 1, 5]",0,v1,,D,,http_400,0,0,[],"{""A"": null, ""B"": null, ""C"": null, ""D"": null, ""E"": null}"
13,643817,6438,90,"[4, 5, 1, 2, 3]",0,v1,,C,,http_400,0,0,[],"{""A"": null, ""B"": null, ""C"": null, ""D"": null, ""E"": null}"
13,643817,6438,96,"[5, 1, 2, 3, 4]",0,v1,,B,,http_400,0,0,[],"{""A"": null, ""B"": null, ""C"": null, ""D"": null, ""E"": null}"
13,643817,6438,106,"[5, 2, 4, 1, 3]",0,v1,,D,,http_400,0,0,[],"{""A"": null, ""B"": null, ""C"": null, ""D"": null, ""E"": null}"
13,643817,6438,109,"[5, 3, 1, 4, 2]",0,v1,,C,,http_400,0,0,[],"{""A"": null, ""B"": null, ""C"": null, ""D"": null, ""E"": null}"
13,643817,6438,114,"[5, 4, 1, 2, 3]",0,v1,,C,,http_400,0,0,[],"{""A"": null, ""B"": null, ""C"": null, ""D"": null, ""E"": null}"
13,643817,6438,119,"[5, 4, 3, 2, 1]",0,v1,,E,,http_400,0,0,[],"{""A"": null, ""B"": null, ""C"": null, ""D"": null, ""E"": null}"
14,643818,6438,0,"[1, 2, 3, 4, 5]",0,v1,,A,,http_400,0,0,[],"{""A"": null, ""B"": null, ""C"": null, ""D"": null, ""E"": null}"
14,643818,6438,1,"[1, 2, 3, 5, 4]",0,v1,,A,,http_400,0,0,[],"{""A"": null, ""B"": null, ""C"": null, ""D"": null, ""E"": null}"
14,643818,6438,10,"[1, 3, 5, 2, 4]",0,v1,,A,,http_400,0,0,[],"{""A"": null, ""B"": null, ""C"": null, ""D"": null, ""E"": null}"
14,643818,6438,13,"[1, 4, 2, 5, 3]",0,v1,,A,,http_400,0,0,[],"{""A"": null, ""B"": null, ""C"": null, ""D"": null, ""E"": null}"
14,643818,6438,23,"[1, 5, 4, 3, 2]",0,v1,,A,,http_400,0,0,[],"{""A"": null, ""B"": null, ""C"": null, ""D"": null, ""E"": null}"
14,643818,6438,29,"[2, 1, 5, 4, 3]",0,v1,,B,,http_400,0,0,[],"{""A"": null, ""B"": null, ""C"": null, ""D"": null, ""E"": null}"
14,643818,6438,33,"[2, 3, 4, 5, 1]",0,v1,,E,,http_400,0,0,[],"{""A"": null, ""B"": null, ""C"": null, ""D"": null, ""E"": null}"
14,643818,6438,35,"[2, 3, 5, 4, 1]",0,v1,,E,,http_400,0,0,[],"{""A"": null, ""B"": null, ""C"": null, ""D"": null, ""E"": null}"
14,643818,6438,36,"[2, 4, 1, 3, 5]",0,v1,,C,,http_400,0,0,[],"{""A"": null, ""B"": null, ""C"": null, ""D"": null, ""E"": null}"
14,643818,6438,44,"[2, 5, 3, 1, 4]",0,v1,,D,,http_400,0,0,[],"{""A"": null, ""B"": null, ""C"": null, ""D"": null, ""E"": null}"
14,643818,6438,50,"[3, 1, 4, 2, 5]",0,v1,,B,,http_400,0,0,[],"{""A"": null, ""B"": null, ""C"": null, ""D"": null, ""E"": null}"
14,643818,6438,55,"[3, 2, 1, 5, 4]",0,v1,,C,,http_400,0,0,[],"{""A"": null, ""B"": null, ""C"": null, ""D"": null, ""E"": null}"
14,643818,6438,64,"[3, 4, 5, 1, 2]",0,v1,,D,,http_400,0,0,[],"{""A"": null, ""B"": null, ""C"": null, ""D"": null, ""E"": null}"
14,643818,6438,69,"[3, 5, 2, 4, 1]",0,v1,,E,,http_400,0,0,[],"{""A"": null, ""B"": null, ""C"": null, ""D"": null, ""E"": null}"
14,643818,6438,70,"[3, 5, 4, 1, 2]",0,v1,,D,,http_400,0,0,[],"{""A"": null, ""B"": null, ""C"": null, ""D"": null, ""E"": null}"
14,643818,6438,72,"[4, 1, 2, 3, 5]",0,v1,,B,,http_400,0,0,[],"{""A"": null, ""B"": null, ""C"": null, ""D"": null, ""E"": null}"
14,643818,6438,75,"[4, 1, 3, 5, 2]",0,v1,,B,,http_400,0,0,[],"{""A"": null, ""B"": null, ""C"": null, ""D"": null, ""E"": null}"
14,643818,6438,83,"[4, 2, 5, 3, 1]",0,v1,,E,,http_400,0,0,[],"{""A"": null, ""B"": null, ""C"": null, ""D"": null, ""E"": null}"
14,643818,6438,86,"[4, 3, 2, 1, 5]",0,v1,,D,,http_400,0,0,[],"{""A"": null, ""B"": null, ""C"": null, ""D"": null, ""E"": null}"
14,643818,6438,90,"[4, 5, 1, 2, 3]",0,v1,,C,,http_400,0,0,[],"{""A"": null, ""B"": null, ""C"": null, ""D"": null, ""E"": null}"
14,643818,6438,96,"[5, 1, 2, 3, 4]",0,v1,,B,,http_400,0,0,[],"{""A"": null, ""B"": null, ""C"": null, ""D"": null, ""E"": null}"
14,643818,6438,106,"[5, 2, 4, 1, 3]",0,v1,,D,,http_400,0,0,[],"{""A"": null, ""B"": null, ""C"": null, ""D"": null, ""E"": null}"
14,643818,6438,109,"[5, 3, 1, 4, 2]",0,v1,,C,,http_400,0,0,[],"{""A"": null, ""B"": null, ""C"": null, ""D"": null, ""E"": null}"
14,643818,6438,114,"[5, 4, 1, 2, 3]",0,v1,,C,,http_400,0,0,[],"{""A"": null, ""B"": null, ""C"": null, ""D"": null, ""E"": null}"
14,643818,6438,119,"[5, 4, 3, 2, 1]",0,v1,,E,,http_400,0,0,[],"{""A"": null, ""B"": null, ""C"": null, ""D"": null, ""E"": null}"
15,643819,6438,0,"[1, 2, 3, 4, 5]",0,v1,,A,,http_400,0,0,[],"{""A"": null, ""B"": null, ""C"": null, ""D"": null, ""E"": null}"
15,643819,6438,1,"[1, 2, 3, 5, 4]",0,v1,,A,,http_400,0,0,[],"{""A"": null, ""B"": null, ""C"": null, ""D"": null, ""E"": null}"
15,643819,6438,10,"[1, 3, 5, 2, 4]",0,v1,,A,,http_400,0,0,[],"{""A"": null, ""B"": null, ""C"": null, ""D"": null, ""E"": null}"
15,643819,6438,13,"[1, 4, 2, 5, 3]",0,v1,,A,,http_400,0,0,[],"{""A"": null, ""B"": null, ""C"": null, ""D"": null, ""E"": null}"
15,643819,6438,23,"[1, 5, 4, 3, 2]",0,v1,,A,,http_400,0,0,[],"{""A"": null, ""B"": null, ""C"": null, ""D"": null, ""E"": null}"
15,643819,6438,29,"[2, 1, 5, 4, 3]",0,v1,,B,,http_400,0,0,[],"{""A"": null, ""B"": null, ""C"": null, ""D"": null, ""E"": null}"
15,643819,6438,33,"[2, 3, 4, 5, 1]",0,v1,,E,,http_400,0,0,[],"{""A"": null, ""B"": null, ""C"": null, ""D"": null, ""E"": null}"
15,643819,6438,35,"[2, 3, 5, 4, 1]",0,v1,,E,,http_400,0,0,[],"{""A"": null, ""B"": null, ""C"": null, ""D"": null, ""E"": null}"
15,643819,6438,36,"[2, 4, 1, 3, 5]",0,v1,,C,,http_400,0,0,[],"{""A"": null, ""B"": null, ""C"": null, ""D"": null, ""E"": null}"
15,643819,6438,44,"[2, 5, 3, 1, 4]",0,v1,,D,,http_400,0,0,[],"{""A"": null, ""B"": null, ""C"": null, ""D"": null, ""E"": null}"
15,643819,6438,50,"[3, 1, 4, 2, 5]",0,v1,,B,,http_400,0,0,[],"{""A"": null, ""B"": null, ""C"": null, ""D"": null, ""E"": null}"
15,643819,6438,55,"[3, 2, 1, 5, 4]",0,v1,,C,,http_400,0,0,[],"{""A"": null, ""B"": null, ""C"": null, ""D"": null, ""E"": null}"
15,643819,6438,64,"[3, 4, 5, 1, 2]",0,v1,,D,,http_400,0,0,[],"{""A"": null, ""B"": null, ""C"": null, ""D"": null, ""E"": null}"
15,643819,6438,69,"[3, 5, 2, 4, 1]",0,v1,,E,,http_400,0,0,[],"{""A"": null, ""B"": null, ""C"": null, ""D"": null, ""E"": null}"
15,643819,6438,70,"[3, 5, 4, 1, 2]",0,v1,,D,,http_400,0,0,[],"{""A"": null, ""B"": null, ""C"": null, ""D"": null, ""E"": null}"
15,643819,6438,72,"[4, 1, 2, 3, 5]",0,v1,,B,,http_400,0,0,[],"{""A"": null, ""B"": null, ""C"": null, ""D"": null, ""E"": null}"
15,643819,6438,75,"[4, 1, 3, 5, 2]",0,v1,,B,,http_400,0,0,[],"{""A"": null, ""B"": null, ""C"": null, ""D"": null, ""E"": null}"
15,643819,6438,83,"[4, 2, 5, 3, 1]",0,v1,,E,,http_400,0,0,[],"{""A"": null, ""B"": null, ""C"": null, ""D"": null, ""E"": null}"
15,643819,6438,86,"[4, 3, 2, 1, 5]",0,v1,,D,,http_400,0,0,[],"{""A"": null, ""B"": null, ""C"": null, ""D"": null, ""E"": null}"
15,643819,6438,90,"[4, 5, 1, 2, 3]",0,v1,,C,,http_400,0,0,[],"{""A"": null, ""B"": null, ""C"": null, ""D"": null, ""E"": null}"
15,643819,6438,96,"[5, 1, 2, 3, 4]",0,v1,,B,,http_400,0,0,[],"{""A"": null, ""B"": null, ""C"": null, ""D"": null, ""E"": null}"
15,643819,6438,106,"[5, 2, 4, 1, 3]",0,v1,,D,,http_400,0,0,[],"{""A"": null, ""B"": null, ""C"": null, ""D"": null, ""E"": null}"
15,643819,6438,109,"[5, 3, 1, 4, 2]",0,v1,,C,,http_400,0,0,[],"{""A"": null, ""B"": null, ""C"": null, ""D"": null, ""E"": null}"
15,643819,6438,114,"[5, 4, 1, 2, 3]",0,v1,,C,,http_400,0,0,[],"{""A"": null, ""B"": null, ""C"": null, ""D"": null, ""E"": null}"
15,643819,6438,119,"[5, 4, 3, 2, 1]",0,v1,,E,,http_400,0,0,[],"{""A"": null, ""B"": null, ""C"": null, ""D"": null, ""E"": null}"
16,643820,6438,0,"[1, 2, 3, 4, 5]",0,v1,,A,,http_400,0,0,[],"{""A"": null, ""B"": null, ""C"": null, ""D"": null, ""E"": null}"
16,643820,6438,1,"[1, 2, 3, 5, 4]",0,v1,,A,,http_400,0,0,[],"{""A"": null, ""B"": null, ""C"": null, ""D"": null, ""E"": null}"
16,643820,6438,10,"[1, 3, 5, 2, 4]",0,v1,,A,,http_400,0,0,[],"{""A"": null, ""B"": null, ""C"": null, ""D"": null, ""E"": null}"
16,643820,6438,13,"[1, 4, 2, 5, 3]",0,v1,,A,,http_400,0,0,[],"{""A"": null, ""B"": null, ""C"": null, ""D"": null, ""E"": null}"
16,643820,6438,23,"[1, 5, 4, 3, 2]",0,v1,,A,,http_400,0,0,[],"{""A"": null, ""B"": null, ""C"": null, ""D"": null, ""E"": null}"
16,643820,6438,29,"[2, 1, 5, 4, 3]",0,v1,,B,,http_400,0,0,[],"{""A"": null, ""B"": null, ""C"": null, ""D"": null, ""E"": null}"
16,643820,6438,33,"[2, 3, 4, 5, 1]",0,v1,,E,,http_400,0,0,[],"{""A"": null, ""B"": null, ""C"": null, ""D"": null, ""E"": null}"
16,643820,6438,35,"[2, 3, 5, 4, 1]",0,v1,,E,,http_400,0,0,[],"{""A"": null, ""B"": null, ""C"": null, ""D"": null, ""E"": null}"
16,643820,6438,36,"[2, 4, 1, 3, 5]",0,v1,,C,,http_400,0,0,[],"{""A"": null, ""B"": null, ""C"": null, ""D"": null, ""E"": null}"
16,643820,6438,44,"[2, 5, 3, 1, 4]",0,v1,,D,,http_400,0,0,[],"{""A"": null, ""B"": null, ""C"": null, ""D"": null, ""E"": null}"
16,643820,6438,50,"[3, 1, 4, 2, 5]",0,v1,,B,,http_400,0,0,[],"{""A"": null, ""B"": null, ""C"": null, ""D"": null, ""E"": null}"
16,643820,6438,55,"[3, 2, 1, 5, 4]",0,v1,,C,,http_400,0,0,[],"{""A"": null, ""B"": null, ""C"": null, ""D"": null, ""E"": null}"
16,643820,6438,64,"[3, 4, 5, 1, 2]",0,v1,,D,,http_400,0,0,[],"{""A"": null, ""B"": null, ""C"": null, ""D"": null, ""E"": null}"
16,643820,6438,69,"[3, 5, 2, 4, 1]",0,v1,,E,,http_400,0,0,[],"{""A"": null, ""B"": null, ""C"": null, ""D"": null, ""E"": null}"
16,643820,6438,70,"[3, 5, 4, 1, 2]",0,v1,,D,,http_400,0,0,[],"{""A"": null, ""B"": null, ""C"": null, ""D"": null, ""E"": null}"
16,643820,6438,72,"[4, 1, 2, 3, 5]",0,v1,,B,,http_400,0,0,[],"{""A"": null, ""B"": null, ""C"": null, ""D"": null, ""E"": null}"
16,643820,6438,75,"[4, 1, 3, 5, 2]",0,v1,,B,,http_400,0,0,[],"{""A"": null, ""B"": null, ""C"": null, ""D"": null, ""E"": null}"
16,643820,6438,83,"[4, 2, 5, 3, 1]",0,v1,,E,,http_400,0,0,[],"{""A"": null, ""B"": null, ""C"": null, ""D"": null, ""E"": null}"
16,643820,6438,86,"[4, 3, 2, 1, 5]",0,v1,,D,,http_400,0,0,[],"{""A"": null, ""B"": null, ""C"": null, ""D"": null, ""E"": null}"
16,643820,6438,90,"[4, 5, 1, 2, 3]",0,v1,,C,,http_400,0,0,[],"{""A"": null, ""B"": null, ""C"": null, ""D"": null, ""E"": null}"
16,643820,6438,96,"[5, 1, 2, 3, 4]",0,v1,,B,,http_400,0,0,[],"{""A"": null, ""B"": null, ""C"": null, ""D"": null, ""E"": null}"
16,643820,6438,106,"[5, 2, 4, 1, 3]",0,v1,,D,,http_400,0,0,[],"{""A"": null, ""B"": null, ""C"": null, ""D"": null, ""E"": null}"
16,643820,6438,109,"[5, 3, 1, 4, 2]",0,v1,,C,,http_400,0,0,[],"{""A"": null, ""B"": null, ""C"": null, ""D"": null, ""E"": null}"
16,643820,6438,114,"[5, 4, 1, 2, 3]",0,v1,,C,,http_400,0,0,[],"{""A"": null, ""B"": null, ""C"": null, ""D"": null, ""E"": null}"
16,643820,6438,119,"[5, 4, 3, 2, 1]",0,v1,,E,,http_400,0,0,[],"{""A"": null, ""B"": null, ""C"": null, ""D"": null, ""E"": null}"
17,643821,6438,0,"[1, 2, 3, 4, 5]",0,v1,,A,,http_400,0,0,[],"{""A"": null, ""B"": null, ""C"": null, ""D"": null, ""E"": null}"
17,643821,6438,1,"[1, 2, 3, 5, 4]",0,v1,,A,,http_400,0,0,[],"{""A"": null, ""B"": null, ""C"": null, ""D"": null, ""E"": null}"
17,643821,6438,10,"[1, 3, 5, 2, 4]",0,v1,,A,,http_400,0,0,[],"{""A"": null, ""B"": null, ""C"": null, ""D"": null, ""E"": null}"
17,643821,6438,13,"[1, 4, 2, 5, 3]",0,v1,,A,,http_400,0,0,[],"{""A"": null, ""B"": null, ""C"": null, ""D"": null, ""E"": null}"
17,643821,6438,23,"[1, 5, 4, 3, 2]",0,v1,,A,,http_400,0,0,[],"{""A"": null, ""B"": null, ""C"": null, ""D"": null, ""E"": null}"
17,643821,6438,29,"[2, 1, 5, 4, 3]",0,v1,,B,,http_400,0,0,[],"{""A"": null, ""B"": null, ""C"": null, ""D"": null, ""E"": null}"
17,643821,6438,33,"[2, 3, 4, 5, 1]",0,v1,,E,,http_400,0,0,[],"{""A"": null, ""B"": null, ""C"": null, ""D"": null, ""E"": null}"
17,643821,6438,35,"[2, 3, 5, 4, 1]",0,v1,,E,,http_400,0,0,[],"{""A"": null, ""B"": null, ""C"": null, ""D"": null, ""E"": null}"
17,643821,6438,36,"[2, 4, 1, 3, 5]",0,v1,,C,,http_400,0,0,[],"{""A"": null, ""B"": null, ""C"": null, ""D"": null, ""E"": null}"
17,643821,6438,44,"[2, 5, 3, 1, 4]",0,v1,,D,,http_400,0,0,[],"{""A"": null, ""B"": null, ""C"": null, ""D"": null, ""E"": null}"
17,643821,6438,50,"[3, 1, 4, 2, 5]",0,v1,,B,,http_400,0,0,[],"{""A"": null, ""B"": null, ""C"": null, ""D"": null, ""E"": null}"
17,643821,6438,55,"[3, 2, 1, 5, 4]",0,v1,,C,,http_400,0,0,[],"{""A"": null, ""B"": null, ""C"": null, ""D"": null, ""E"": null}"
17,643821,6438,64,"[3, 4, 5, 1, 2]",0,v1,,D,,http_400,0,0,[],"{""A"": null, ""B"": null, ""C"": null, ""D"": null, ""E"": null}"
17,643821,6438,69,"[3, 5, 2, 4, 1]",0,v1,,E,,http_400,0,0,[],"{""A"": null, ""B"": null, ""C"": null, ""D"": null, ""E"": null}"
17,643821,6438,70,"[3, 5, 4, 1, 2]",0,v1,,D,,http_400,0,0,[],"{""A"": null, ""B"": null, ""C"": null, ""D"": null, ""E"": null}"
17,643821,6438,72,"[4, 1, 2, 3, 5]",0,v1,,B,,http_400,0,0,[],"{""A"": null, ""B"": null, ""C"": null, ""D"": null, ""E"": null}"
17,643821,6438,75,"[4, 1, 3, 5, 2]",0,v1,,B,,http_400,0,0,[],"{""A"": null, ""B"": null, ""C"": null, ""D"": null, ""E"": null}"
17,643821,6438,83,"[4, 2, 5, 3, 1]",0,v1,,E,,http_400,0,0,[],"{""A"": null, ""B"": null, ""C"": null, ""D"": null, ""E"": null}"
17,643821,6438,86,"[4, 3, 2, 1, 5]",0,v1,,D,,http_400,0,0,[],"{""A"": null, ""B"": null, ""C"": null, ""D"": null, ""E"": null}"
17,643821,6438,90,"[4, 5, 1, 2, 3]",0,v1,,C,,http_400,0,0,[],"{""A"": null, ""B"": null, ""C"": null, ""D"": null, ""E"": null}"
17,643821,6438,96,"[5, 1, 2, 3, 4]",0,v1,,B,,http_400,0,0,[],"{""A"": null, ""B"": null, ""C"": null, ""D"": null, ""E"": null}"
17,643821,6438,106,"[5, 2, 4, 1, 3]",0,v1,,D,,http_400,0,0,[],"{""A"": null, ""B"": null, ""C"": null, ""D"": null, ""E"": null}"
17,643821,6438,109,"[5, 3, 1, 4, 2]",0,v1,,C,,http_400,0,0,[],"{""A"": null, ""B"": null, ""C"": null, ""D"": null, ""E"": null}"
17,643821,6438,114,"[5, 4, 1, 2, 3]",0,v1,,C,,http_400,0,0,[],"{""A"": null, ""B"": null, ""C"": null, ""D"": null, ""E"": null}"
17,643821,6438,119,"[5, 4, 3, 2, 1]",0,v1,,E,,http_400,0,0,[],"{""A"": null, ""B"": null, ""C"": null, ""D"": null, ""E"": null}"
18,643822,6438,0,"[1, 2, 3, 4, 5]",0,v1,,A,,http_400,0,0,[],"{""A"": null, ""B"": null, ""C"": null, ""D"": null, ""E"": null}"
18,643822,6438,1,"[1, 2, 3, 5, 4]",0,v1,,A,,http_400,0,0,[],"{""A"": null, ""B"": null, ""C"": null, ""D"": null, ""E"": null}"
18,643822,6438,10,"[1, 3, 5, 2, 4]",0,v1,,A,,http_400,0,0,[],"{""A"": null, ""B"": null, ""C"": null, ""D"": null, ""E"": null}"
18,643822,6438,13,"[1, 4, 2, 5, 3]",0,v1,,A,,http_400,0,0,[],"{""A"": null, ""B"": null, ""C"": null, ""D"": null, ""E"": null}"
18,643822,6438,23,"[1, 5, 4, 3, 2]",0,v1,,A,,http_400,0,0,[],"{""A"": null, ""B"": null, ""C"": null, ""D"": null, ""E"": null}"
18,643822,6438,29,"[2, 1, 5, 4, 3]",0,v1,,B,,http_400,0,0,[],"{""A"": null, ""B"": null, ""C"": null, ""D"": null, ""E"": null}"
18,643822,6438,33,"[2, 3, 4, 5, 1]",0,v1,,E,,http_400,0,0,[],"{""A"": null, ""B"": null, ""C"": null, ""D"": null, ""E"": null}"
18,643822,6438,35,"[2, 3, 5, 4, 1]",0,v1,,E,,http_400,0,0,[],"{""A"": null, ""B"": null, ""C"": null, ""D"": null, ""E"": null}"
18,643822,6438,36,"[2, 4, 1, 3, 5]",0,v1,,C,,http_400,0,0,[],"{""A"": null, ""B"": null, ""C"": null, ""D"": null, ""E"": null}"
18,643822,6438,44,"[2, 5, 3, 1, 4]",0,v1,,D,,http_400,0,0,[],"{""A"": null, ""B"": null, ""C"": null, ""D"": null, ""E"": null}"
18,643822,6438,50,"[3, 1, 4, 2, 5]",0,v1,,B,,http_400,0,0,[],"{""A"": null, ""B"": null, ""C"": null, ""D"": null, ""E"": null}"
18,643822,6438,55,"[3, 2, 1, 5, 4]",0,v1,,C,,http_400,0,0,[],"{""A"": null, ""B"": null, ""C"": null, ""D"": null, ""E"": null}"
18,643822,6438,64,"[3, 4, 5, 1, 2]",0,v1,,D,,http_400,0,0,[],"{""A"": null, ""B"": null, ""C"": null, ""D"": null, ""E"": null}"
18,643822,6438,69,"[3, 5, 2, 4, 1]",0,v1,,E,,http_400,0,0,[],"{""A"": null, ""B"": null, ""C"": null, ""D"": null, ""E"": null}"
18,643822,6438,70,"[3, 5, 4, 1, 2]",0,v1,,D,,http_400,0,0,[],"{""A"": null, ""B"": null, ""C"": null, ""D"": null, ""E"": null}"
18,643822,6438,72,"[4, 1, 2, 3, 5]",0,v1,,B,,http_400,0,0,[],"{""A"": null, ""B"": null, ""C"": null, ""D"": null, ""E"": null}"
18,643822,6438,75,"[4, 1, 3, 5, 2]",0,v1,,B,,http_400,0,0,[],"{""A"": null, ""B"": null, ""C"": null, ""D"": null, ""E"": null}"
18,643822,6438,83,"[4, 2, 5, 3, 1]",0,v1,,E,,http_400,0,0,[],"{""A"": null, ""B"": null, ""C"": null, ""D"": null, ""E"": null}"
18,643822,6438,86,"[4, 3, 2, 1, 5]",0,v1,,D,,http_400,0,0,[],"{""A"": null, ""B"": null, ""C"": null, ""D"": null, ""E"": null}"
18,643822,6438,90,"[4, 5, 1, 2, 3]",0,v1,,C,,http_400,0,0,[],"{""A"": null, ""B"": null, ""C"": null, ""D"": null, ""E"": null}"
18,643822,6438,96,"[5, 1, 2, 3, 4]",0,v1,,B,,http_400,0,0,[],"{""A"": null, ""B"": null, ""C"": null, ""D"": null, ""E"": null}"
18,643822,6438,106,"[5, 2, 4, 1, 3]",0,v1,,D,,http_400,0,0,[],"{""A"": null, ""B"": null, ""C"": null, ""D"": null, ""E"": null}"
18,643822,6438,109,"[5, 3, 1, 4, 2]",0,v1,,C,,http_400,0,0,[],"{""A"": null, ""B"": null, ""C"": null, ""D"": null, ""E"": null}"
18,643822,6438,114,"[5, 4, 1, 2, 3]",0,v1,,C,,http_400,0,0,[],"{""A"": null, ""B"": null, ""C"": null, ""D"": null, ""E"": null}"
18,643822,6438,119,"[5, 4, 3, 2, 1]",0,v1,,E,,http_400,0,0,[],"{""A"": null, ""B"": null, ""C"": null, ""D"": null, ""E"": null}"
19,643823,6438,0,"[1, 2, 3, 4, 5]",0,v1,,A,,http_400,0,0,[],"{""A"": null, ""B"": null, ""C"": null, ""D"": null, ""E"": null}"
19,643823,6438,1,"[1, 2, 3, 5, 4]",0,v1,,A,,http_400,0,0,[],"{""A"": null, ""B"": null, ""C"": null, ""D"": null, ""E"": null}"
19,643823,6438,10,"[1, 3, 5, 2, 4]",0,v1,,A,,http_400,0,0,[],"{""A"": null, ""B"": null, ""C"": null, ""D"": null, ""E"": null}"
19,643823,6438,13,"[1, 4, 2, 5, 3]",0,v1,,A,,http_400,0,0,[],"{""A"": null, ""B"": null, ""C"": null, ""D"": null, ""E"": null}"
19,643823,6438,23,"[1, 5, 4, 3, 2]",0,v1,,A,,http_400,0,0,[],"{""A"": null, ""B"": null, ""C"": null, ""D"": null, ""E"": null}"
19,643823,6438,29,"[2, 1, 5, 4, 3]",0,v1,,B,,http_400,0,0,[],"{""A"": null, ""B"": null, ""C"": null, ""D"": null, ""E"": null}"
19,643823,6438,33,"[2, 3, 4, 5, 1]",0,v1,,E,,http_400,0,0,[],"{""A"": null, ""B"": null, ""C"": null, ""D"": null, ""E"": null}"
19,643823,6438,35,"[2, 3, 5, 4, 1]",0,v1,,E,,http_400,0,0,[],"{""A"": null, ""B"": null, ""C"": null, ""D"": null, ""E"": null}"
19,643823,6438,36,"[2, 4, 1, 3, 5]",0,v1,,C,,http_400,0,0,[],"{""A"": null, ""B"": null, ""C"": null, ""D"": null, ""E"": null}"
19,643823,6438,44,"[2, 5, 3, 1, 4]",0,v1,,D,,http_400,0,0,[],"{""A"": null, ""B"": null, ""C"": null, ""D"": null, ""E"": null}"
19,643823,6438,50,"[3, 1, 4, 2, 5]",0,v1,,B,,http_400,0,0,[],"{""A"": null, ""B"": null, ""C"": null, ""D"": null, ""E"": null}"
19,643823,6438,55,"[3, 2, 1, 5, 4]",0,v1,,C,,http_400,0,0,[],"{""A"": null, ""B"": null, ""C"": null, ""D"": null, ""E"": null}"
19,643823,6438,64,"[3, 4, 5, 1, 2]",0,v1,,D,,http_400,0,0,[],"{""A"": null, ""B"": null, ""C"": null, ""D"": null, ""E"": null}"
19,643823,6438,69,"[3, 5, 2, 4, 1]",0,v1,,E,,http_400,0,0,[],"{""A"": null, ""B"": null, ""C"": null, ""D"": null, ""E"": null}"
19,643823,6438,70,"[3, 5, 4, 1, 2]",0,v1,,D,,http_400,0,0,[],"{""A"": null, ""B"": null, ""C"": null, ""D"": null, ""E"": null}"
19,643823,6438,72,"[4, 1, 2, 3, 5]",0,v1,,B,,http_400,0,0,[],"{""A"": null, ""B"": null, ""C"": null, ""D"": null, ""E"": null}"
19,643823,6438,75,"[4, 1, 3, 5, 2]",0,v1,,B,,http_400,0,0,[],"{""A"": null, ""B"": null, ""C"": null, ""D"": null, ""E"": null}"
19,643823,6438,83,"[4, 2, 5, 3, 1]",0,v1,,E,,http_400,0,0,[],"{""A"": null, ""B"": null, ""C"": null, ""D"": null, ""E"": null}"
19,643823,6438,86,"[4, 3, 2, 1, 5]",0,v1,,D,,http_400,0,0,[],"{""A"": null, ""B"": null, ""C"": null, ""D"": null, ""E"": null}"
19,643823,6438,90,"[4, 5, 1, 2, 3]",0,v1,,C,,http_400,0,0,[],"{""A"": null, ""B"": null, ""C"": null, ""D"": null, ""E"": null}"
19,643823,6438,96,"[5, 1, 2, 3, 4]",0,v1,,B,,http_400,0,0,[],"{""A"": null, ""B"": null, ""C"": null, ""D"": null, ""E"": null}"
19,643823,6438,106,"[5, 2, 4, 1, 3]",0,v1,,D,,http_400,0,0,[],"{""A"": null, ""B"": null, ""C"": null, ""D"": null, ""E"": null}"
19,643823,6438,109,"[5, 3, 1, 4, 2]",0,v1,,C,,http_400,0,0,[],"{""A"": null, ""B"": null, ""C"": null, ""D"": null, ""E"": null}"
19,643823,6438,114,"[5, 4, 1, 2, 3]",0,v1,,C,,http_400,0,0,[],"{""A"": null, ""B"": null, ""C"": null, ""D"": null, ""E"": null}"
19,643823,6438,119,"[5, 4, 3, 2, 1]",0,v1,,E,,http_400,0,0,[],"{""A"": null, ""B"": null, ""C"": null, ""D"": null, ""E"": null}"
20,644566,6445,0,"[1, 2, 3, 4, 5]",0,v1,,D,,http_400,0,0,[],"{""A"": null, ""B"": null, ""C"": null, ""D"": null, ""E"": null}"
20,644566,6445,1,"[1, 2, 3, 5, 4]",0,v1,,E,,http_400,0,0,[],"{""A"": null, ""B"": null, ""C"": null, ""D"": null, ""E"": null}"
20,644566,6445,10,"[1, 3, 5, 2, 4]",0,v1,,E,,http_400,0,0,[],"{""A"": null, ""B"": null, ""C"": null, ""D"": null, ""E"": null}"
20,644566,6445,13,"[1, 4, 2, 5, 3]",0,v1,,B,,http_400,0,0,[],"{""A"": null, ""B"": null, ""C"": null, ""D"": null, ""E"": null}"
20,644566,6445,23,"[1, 5, 4, 3, 2]",0,v1,,C,,http_400,0,0,[],"{""A"": null, ""B"": null, ""C"": null, ""D"": null, ""E"": null}"
20,644566,6445,29,"[2, 1, 5, 4, 3]",0,v1,,D,,http_400,0,0,[],"{""A"": null, ""B"": null, ""C"": null, ""D"": null, ""E"": null}"
20,644566,6445,33,"[2, 3, 4, 5, 1]",0,v1,,C,,http_400,0,0,[],"{""A"": null, ""B"": null, ""C"": null, ""D"": null, ""E"": null}"
20,644566,6445,35,"[2, 3, 5, 4, 1]",0,v1,,D,,http_400,0,0,[],"{""A"": null, ""B"": null, ""C"": null, ""D"": null, ""E"": null}"
20,644566,6445,36,"[2, 4, 1, 3, 5]",0,v1,,B,,http_400,0,0,[],"{""A"": null, ""B"": null, ""C"": null, ""D"": null, ""E"": null}"
20,644566,6445,44,"[2, 5, 3, 1, 4]",0,v1,,E,,http_400,0,0,[],"{""A"": null, ""B"": null, ""C"": null, ""D"": null, ""E"": null}"
20,644566,6445,50,"[3, 1, 4, 2, 5]",0,v1,,C,,http_400,0,0,[],"{""A"": null, ""B"": null, ""C"": null, ""D"": null, ""E"": null}"
20,644566,6445,55,"[3, 2, 1, 5, 4]",0,v1,,E,,http_400,0,0,[],"{""A"": null, ""B"": null, ""C"": null, ""D"": null, ""E"": null}"
20,644566,6445,64,"[3, 4, 5, 1, 2]",0,v1,,B,,http_400,0,0,[],"{""A"": null, ""B"": null, ""C"": null, ""D"": null, ""E"": null}"
20,644566,6445,69,"[3, 5, 2, 4, 1]",0,v1,,D,,http_400,0,0,[],"{""A"": null, ""B"": null, ""C"": null, ""D"": null, ""E"": null}"
20,644566,6445,70,"[3, 5, 4, 1, 2]",0,v1,,C,,http_400,0,0,[],"{""A"": null, ""B"": null, ""C"": null, ""D"": null, ""E"": null}"
20,644566,6445,72,"[4, 1, 2, 3, 5]",0,v1,,A,,http_400,0,0,[],"{""A"": null, ""B"": null, ""C"": null, ""D"": null, ""E"": null}"
20,644566,6445,75,"[4, 1, 3, 5, 2]",0,v1,,A,,http_400,0,0,[],"{""A"": null, ""B"": null, ""C"": null, ""D"": null, ""E"": null}"
20,644566,6445,83,"[4, 2, 5, 3, 1]",0,v1,,A,,http_400,0,0,[],"{""A"": null, ""B"": null, ""C"": null, ""D"": null, ""E"": null}"
20,644566,6445,86,"[4, 3, 2, 1, 5]",0,v1,,A,,http_400,0,0,[],"{""A"": null, ""B"": null, ""C"": null, ""D"": null, ""E"": null}"
20,644566,6445,90,"[4, 5, 1, 2, 3]",0,v1,,A,,http_400,0,0,[],"{""A"": null, ""B"": null, ""C"": null, ""D"": null, ""E"": null}"
20,644566,6445,96,"[5, 1, 2, 3, 4]",0,v1,,E,,http_400,0,0,[],"{""A"": null, ""B"": null, ""C"": null, ""D"": null, ""E"": null}"
20,644566,6445,106,"[5, 2, 4, 1, 3]",0,v1,,C,,http_400,0,0,[],"{""A"": null, ""B"": null, ""C"": null, ""D"": null, ""E"": null}"
20,644566,6445,109,"[5, 3, 1, 4, 2]",0,v1,,D,,http_400,0,0,[],"{""A"": null, ""B"": null, ""C"": null, ""D"": null, ""E"": null}"
20,644566,6445,114,"[5, 4, 1, 2, 3]",0,v1,,B,,http_400,0,0,[],"{""A"": null, ""B"": null, ""C"": null, ""D"": null, ""E"": null}"
20,644566,6445,119,"[5, 4, 3, 2, 1]",0,v1,,B,,http_400,0,0,[],"{""A"": null, ""B"": null, ""C"": null, ""D"": null, ""E"": null}"
21,644567,6445,0,"[1, 2, 3, 4, 5]",0,v1,,A,,http_400,0,0,[],"{""A"": null, ""B"": null, ""C"": null, ""D"": null, ""E"": null}"
21,644567,6445,1,"[1, 2, 3, 5, 4]",0,v1,,A,,http_400,0,0,[],"{""A"": null, ""B"": null, ""C"": null, ""D"": null, ""E"": null}"
21,644567,6445,10,"[1, 3, 5, 2, 4]",0,v1,,A,,http_400,0,0,[],"{""A"": null, ""B"": null, ""C"": null, ""D"": null, ""E"": null}"
21,644567,6445,13,"[1, 4, 2, 5, 3]",0,v1,,A,,http_400,0,0,[],"{""A"": null, ""B"": null, ""C"": null, ""D"": null, ""E"": null}"
21,644567,6445,23,"[1, 5, 4, 3, 2]",0,v1,,A,,http_400,0,0,[],"{""A"": null, ""B"": null, ""C"": null, ""D"": null, ""E"": null}"
21,644567,6445,29,"[2, 1, 5, 4, 3]",0,v1,,B,,http_400,0,0,[],"{""A"": null, ""B"": null, ""C"": null, ""D"": null, ""E"": null}"
21,644567,6445,33,"[2, 3, 4, 5, 1]",0,v1,,E,,http_400,0,0,[],"{""A"": null, ""B"": null, ""C"": null, ""D"": null, ""E"": null}"
21,644567,6445,35,"[2, 3, 5, 4, 1]",0,v1,,E,,http_400,0,0,[],"{""A"": null, ""B"": null, ""C"": null, ""D"": null, ""E"": null}"
21,644567,6445,36,"[2, 4, 1, 3, 5]",0,v1,,C,,http_400,0,0,[],"{""A"": null, ""B"": null, ""C"": null, ""D"": null, ""E"": null}"
21,644567,6445,44,"[2, 5, 3, 1, 4]",0,v1,,D,,http_400,0,0,[],"{""A"": null, ""B"": null, ""C"": null, ""D"": null, ""E"": null}"
21,644567,6445,50,"[3, 1, 4, 2, 5]",0,v1,,B,,http_400,0,0,[],"{""A"": null, ""B"": null, ""C"": null, ""D"": null, ""E"": null}"
21,644567,6445,55,"[3, 2, 1, 5, 4]",0,v1,,C,,http_400,0,0,[],"{""A"": null, ""B"": null, ""C"": null, ""D"": null, ""E"": null}"
21,644567,6445,64,"[3, 4, 5, 1, 2]",0,v1,,D,,http_400,0,0,[],"{""A"": null, ""B"": null, ""C"": null, ""D"": null, ""E"": null}"
21,644567,6445,69,"[3, 5, 2, 4, 1]",0,v1,,E,,http_400,0,0,[],"{""A"": null, ""B"": null, ""C"": null, ""D"": null, ""E"": null}"
21,644567,6445,70,"[3, 5, 4, 1, 2]",0,v1,,D,,http_400,0,0,[],"{""A"": null, ""B"": null, ""C"": null, ""D"": null, ""E"": null}"
21,644567,6445,72,"[4, 1, 2, 3, 5]",0,v1,,B,,http_400,0,0,[],"{""A"": null, ""B"": null, ""C"": null, ""D"": null, ""E"": null}"
21,644567,6445,75,"[4, 1, 3, 5, 2]",0,v1,,B,,http_400,0,0,[],"{""A"": null, ""B"": null, ""C"": null, ""D"": null, ""E"": null}"
21,644567,6445,83,"[4, 2, 5, 3, 1]",0,v1,,E,,http_400,0,0,[],"{""A"": null, ""B"": null, ""C"": null, ""D"": null, ""E"": null}"
21,644567,6445,86,"[4, 3, 2, 1, 5]",0,v1,,D,,http_400,0,0,[],"{""A"": null, ""B"": null, ""C"": null, ""D"": null, ""E"": null}"
21,644567,6445,90,"[4, 5, 1, 2, 3]",0,v1,,C,,http_400,0,0,[],"{""A"": null, ""B"": null, ""C"": null, ""D"": null, ""E"": null}"
21,644567,6445,96,"[5, 1, 2, 3, 4]",0,v1,,B,,http_400,0,0,[],"{""A"": null, ""B"": null, ""C"": null, ""D"": null, ""E"": null}"
21,644567,6445,106,"[5, 2, 4, 1, 3]",0,v1,,D,,http_400,0,0,[],"{""A"": null, ""B"": null, ""C"": null, ""D"": null, ""E"": null}"
21,644567,6445,109,"[5, 3, 1, 4, 2]",0,v1,,C,,http_400,0,0,[],"{""A"": null, ""B"": null, ""C"": null, ""D"": null, ""E"": null}"
21,644567,6445,114,"[5, 4, 1, 2, 3]",0,v1,,C,,http_400,0,0,[],"{""A"": null, ""B"": null, ""C"": null, ""D"": null, ""E"": null}"
21,644567,6445,119,"[5, 4, 3, 2, 1]",0,v1,,E,,http_400,0,0,[],"{""A"": null, ""B"": null, ""C"": null, ""D"": null, ""E"": null}"
22,644568,6445,0,"[1, 2, 3, 4, 5]",0,v1,,C,,http_400,0,0,[],"{""A"": null, ""B"": null, ""C"": null, ""D"": null, ""E"": null}"
22,644568,6445,1,"[1, 2, 3, 5, 4]",0,v1,,C,,http_400,0,0,[],"{""A"": null, ""B"": null, ""C"": null, ""D"": null, ""E"": null}"
22,644568,6445,10,"[1, 3, 5, 2, 4]",0,v1,,B,,http_400,0,0,[],"{""A"": null, ""B"": null, ""C"": null, ""D"": null, ""E"": null}"
22,644568,6445,13,"[1, 4, 2, 5, 3]",0,v1,,E,,http_400,0,0,[],"{""A"": null, ""B"": null, ""C"": null, ""D"": null, ""E"": null}"
22,644568,6445,23,"[1, 5, 4, 3, 2]",0,v1,,D,,http_400,0,0,[],"{""A"": null, ""B"": null, ""C"": null, ""D"": null, ""E"": null}"
22,644568,6445,29,"[2, 1, 5, 4, 3]",0,v1,,E,,http_400,0,0,[],"{""A"": null, ""B"": null, ""C"": null, ""D"": null, ""E"": null}"
22,644568,6445,33,"[2, 3, 4, 5, 1]",0,v1,,B,,http_400,0,0,[],"{""A"": null, ""B"": null, ""C"": null, ""D"": null, ""E"": null}"
22,644568,6445,35,"[2, 3, 5, 4, 1]",0,v1,,B,,http_400,0,0,[],"{""A"": null, ""B"": null, ""C"": null, ""D"": null, ""E"": null}"
22,644568,6445,36,"[2, 4, 1, 3, 5]",0,v1,,D,,http_400,0,0,[],"{""A"": null, ""B"": null, ""C"": null, ""D"": null, ""E"": null}"
22,644568,6445,44,"[2, 5, 3, 1, 4]",0,v1,,C,,http_400,0,0,[],"{""A"": null, ""B"": null, ""C"": null, ""D"": null, ""E"": null}"
22,644568,6445,50,"[3, 1, 4, 2, 5]",0,v1,,A,,http_400,0,0,[],"{""A"": null, ""B"": null, ""C"": null, ""D"": null, ""E"": null}"
22,644568,6445,55,"[3, 2, 1, 5, 4]",0,v1,,A,,http_400,0,0,[],"{""A"": null, ""B"": null, ""C"": null, ""D"": null, ""E"": null}"
22,644568,6445,64,"[3, 4, 5, 1, 2]",0,v1,,A,,http_400,0,0,[],"{""A"": null, ""B"": null, ""C"": null, ""D"": null, ""E"": null}"
22,644568,6445,69,"[3, 5, 2, 4, 1]",0,v1,,A,,http_400,0,0,[],"{""A"": null, ""B"": null, ""C"": null, ""D"": null, ""E"": null}"
22,644568,6445,70,"[3, 5, 4, 1, 2]",0,v1,,A,,http_400,0,0,[],"{""A"": null, ""B"": null, ""C"": null, ""D"": null, ""E"": null}"
22,644568,6445,72,"[4, 1, 2, 3, 5]",0,v1,,D,,http_400,0,0,[],"{""A"": null, ""B"": null, ""C"": null, ""D"": null, ""E"": null}"
22,644568,6445,75,"[4, 1, 3, 5, 2]",0,v1,,C,,http_400,0,0,[],"{""A"": null, ""B"": null, ""C"": null, ""D"": null, ""E"": null}"
22,644568,6445,83,"[4, 2, 5, 3, 1]",0,v1,,D,,http_400,0,0,[],"{""A"": null, ""B"": null, ""C"": null, ""D"": null, ""E"": null}"
22,644568,6445,86,"[4, 3, 2, 1, 5]",0,v1,,B,,http_400,0,0,[],"{""A"": null, ""B"": null, ""C"": null, ""D"": null, ""E"": null}"
22,644568,6445,90,"[4, 5, 1, 2, 3]",0,v1,,E,,http_400,0,0,[],"{""A"": null, ""B"": null, ""C"": null, ""D"": null, ""E"": null}"
22,644568,6445,96,"[5, 1, 2, 3, 4]",0,v1,,D,,http_400,0,0,[],"{""A"": null, ""B"": null, ""C"": null, ""D"": null, ""E"": null}"
22,644568,6445,106,"[5, 2, 4, 1, 3]",0,v1,,E,,http_400,0,0,[],"{""A"": null, ""B"": null, ""C"": null, ""D"": null, ""E"": null}"
22,644568,6445,109,"[5, 3, 1, 4, 2]",0,v1,,B,,http_400,0,0,[],"{""A"": null, ""B"": null, ""C"": null, ""D"": null, ""E"": null}"
22,644568,6445,114,"[5, 4, 1, 2, 3]",0,v1,,E,,http_400,0,0,[],"{""A"": null, ""B"": null, ""C"": null, ""D"": null, ""E"": null}"
22,644568,6445,119,"[5, 4, 3, 2, 1]",0,v1,,C,,http_400,0,0,[],"{""A"": null, ""B"": null, ""C"": null, ""D"": null, ""E"": null}"
23,644569,6445,0,"[1, 2, 3, 4, 5]",0,v1,,E,,http_400,0,0,[],"{""A"": null, ""B"": null, ""C"": null, ""D"": null, ""E"": null}"
23,644569,6445,1,"[1, 2, 3, 5, 4]",0,v1,,D,,http_400,0,0,[],"{""A"": null, ""B"": null, ""C"": null, ""D"": null, ""E"": null}"
23,644569,6445,10,"[1, 3, 5, 2, 4]",0,v1,,C,,http_400,0,0,[],"{""A"": null, ""B"": null, ""C"": null, ""D"": null, ""E"": null}"
23,644569,6445,13,"[1, 4, 2, 5, 3]",0,v1,,D,,http_400,0,0,[],"{""A"": null, ""B"": null, ""C"": null, ""D"": null, ""E"": null}"
23,644569,6445,23,"[1, 5, 4, 3, 2]",0,v1,,B,,http_400,0,0,[],"{""A"": null, ""B"": null, ""C"": null, ""D"": null, ""E"": null}"
23,644569,6445,29,"[2, 1, 5, 4, 3]",0,v1,,C,,http_400,0,0,[],"{""A"": null, ""B"": null, ""C"": null, ""D"": null, ""E"": null}"
23,644569,6445,33,"[2, 3, 4, 5, 1]",0,v1,,D,,http_400,0,0,[],"{""A"": null, ""B"": null, ""C"": null, ""D"": null, ""E"": null}"
23,644569,6445,35,"[2, 3, 5, 4, 1]",0,v1,,C,,http_400,0,0,[],"{""A"": null, ""B"": null, ""C"": null, ""D"": null, ""E"": null}"
23,644569,6445,36,"[2, 4, 1, 3, 5]",0,v1,,E,,http_400,0,0,[],"{""A"": null, ""B"": null, ""C"": null, ""D"": null, ""E"": null}"
23,644569,6445,44,"[2, 5, 3, 1, 4]",0,v1,,B,,http_400,0,0,[],"{""A"": null, ""B"": null, ""C"": null, ""D"": null, ""E"": null}"
23,644569,6445,50,"[3, 1, 4, 2, 5]",0,v1,,E,,http_400,0,0,[],"{""A"": null, ""B"": null, ""C"": null, ""D"": null, ""E"": null}"
23,644569,6445,55,"[3, 2, 1, 5, 4]",0,v1,,D,,http_400,0,0,[],"{""A"": null, ""B"": null, ""C"": null, ""D"": null, ""E"": null}"
23,644569,6445,64,"[3, 4, 5, 1, 2]",0,v1,,C,,http_400,0,0,[],"{""A"": null, ""B"": null, ""C"": null, ""D"": null, ""E"": null}"
23,644569,6445,69,"[3, 5, 2, 4, 1]",0,v1,,B,,http_400,0,0,[],"{""A"": null, ""B"": null, ""C"": null, ""D"": null, ""E"": null}"
23,644569,6445,70,"[3, 5, 4, 1, 2]",0,v1,,B,,http_400,0,0,[],"{""A"": null, ""B"": null, ""C"": null, ""D"": null, ""E"": null}"
23,644569,6445,72,"[4, 1, 2, 3, 5]",0,v1,,E,,http_400,0,0,[],"{""A"": null, ""B"": null, ""C"": null, ""D"": null, ""E"": null}"
23,644569,6445,75,"[4, 1, 3, 5, 2]",0,v1,,D,,http_400,0,0,[],"{""A"": null, ""B"": null, ""C"": null, ""D"": null, ""E"": null}"
23,644569,6445,83,"[4, 2, 5, 3, 1]",0,v1,,C,,http_400,0,0,[],"{""A"": null, ""B"": null, ""C"": null, ""D"": null, ""E"": null}"
23,644569,6445,86,"[4, 3, 2, 1, 5]",0,v1,,E,,http_400,0,0,[],"{""A"": null, ""B"": null, ""C"": null, ""D"": null, ""E"": null}"
23,644569,6445,90,"[4, 5, 1, 2, 3]",0,v1,,B,,http_400,0,0,[],"{""A"": null, ""B"": null, ""C"": null, ""D"": null, ""E"": null}"
23,644569,6445,96,"[5, 1, 2, 3, 4]",0,v1,,A,,http_400,0,0,[],"{""A"": null, ""B"": null, ""C"": null, ""D"": null, ""E"": null}"
23,644569,6445,106,"[5, 2, 4, 1, 3]",0,v1,,A,,http_400,0,0,[],"{""A"": null, ""B"": null, ""C"": null, ""D"": null, ""E"": null}"
23,644569,6445,109,"[5, 3, 1, 4, 2]",0,v1,,A,,http_400,0,0,[],"{""A"": null, ""B"": null, ""C"": null, ""D"": null, ""E"": null}"
23,644569,6445,114,"[5, 4, 1, 2, 3]",0,v1,,A,,http_400,0,0,[],"{""A"": null, ""B"": null, ""C"": null, ""D"": null, ""E"": null}"
23,644569,6445,119,"[5, 4, 3, 2, 1]",0,v1,,A,,http_400,0,0,[],"{""A"": null, ""B"": null, ""C"": null, ""D"": null, ""E"": null}"
24,644570,6445,0,"[1, 2, 3, 4, 5]",0,v1,,A,,http_400,0,0,[],"{""A"": null, ""B"": null, ""C"": null, ""D"": null, ""E"": null}"
24,644570,6445,1,"[1, 2, 3, 5, 4]",0,v1,,A,,http_400,0,0,[],"{""A"": null, ""B"": null, ""C"": null, ""D"": null, ""E"": null}"
24,644570,6445,10,"[1, 3, 5, 2, 4]",0,v1,,A,,http_400,0,0,[],"{""A"": null, ""B"": null, ""C"": null, ""D"": null, ""E"": null}"
24,644570,6445,13,"[1, 4, 2, 5, 3]",0,v1,,A,,http_400,0,0,[],"{""A"": null, ""B"": null, ""C"": null, ""D"": null, ""E"": null}"
24,644570,6445,23,"[1, 5, 4, 3, 2]",0,v1,,A,,http_400,0,0,[],"{""A"": null, ""B"": null, ""C"": null, ""D"": null, ""E"": null}"
24,644570,6445,29,"[2, 1, 5, 4, 3]",0,v1,,B,,http_400,0,0,[],"{""A"": null, ""B"": null, ""C"": null, ""D"": null, ""E"": null}"
24,644570,6445,33,"[2, 3, 4, 5, 1]",0,v1,,E,,http_400,0,0,[],"{""A"": null, ""B"": null, ""C"": null, ""D"": null, ""E"": null}"
24,644570,6445,35,"[2, 3, 5, 4, 1]",0,v1,,E,,http_400,0,0,[],"{""A"": null, ""B"": null, ""C"": null, ""D"": null, ""E"": null}"
24,644570,6445,36,"[2, 4, 1, 3, 5]",0,v1,,C,,http_400,0,0,[],"{""A"": null, ""B"": null, ""C"": null, ""D"": null, ""E"": null}"
24,644570,6445,44,"[2, 5, 3, 1, 4]",0,v1,,D,,http_400,0,0,[],"{""A"": null, ""B"": null, ""C"": null, ""D"": null, ""E"": null}"
24,644570,6445,50,"[3, 1, 4, 2, 5]",0,v1,,B,,http_400,0,0,[],"{""A"": null, ""B"": null, ""C"": null, ""D"": null, ""E"": null}"
24,644570,6445,55,"[3, 2, 1, 5, 4]",0,v1,,C,,http_400,0,0,[],"{""A"": null, ""B"": null, ""C"": null, ""D"": null, ""E"": null}"
24,644570,6445,64,"[3, 4, 5, 1, 2]",0,v1,,D,,http_400,0,0,[],"{""A"": null, ""B"": null, ""C"": null, ""D"": null, ""E"": null}"
24,644570,6445,69,"[3, 5, 2, 4, 1]",0,v1,,E,,http_400,0,0,[],"{""A"": null, ""B"": null, ""C"": null, ""D"": null, ""E"": null}"
24,644570,6445,70,"[3, 5, 4, 1, 2]",0,v1,,D,,http_400,0,0,[],"{""A"": null, ""B"": null, ""C"": null, ""D"": null, ""E"": null}"
24,644570,6445,72,"[4, 1, 2, 3, 5]",0,v1,,B,,http_400,0,0,[],"{""A"": null, ""B"": null, ""C"": null, ""D"": null, ""E"": null}"
24,644570,6445,75,"[4, 1, 3, 5, 2]",0,v1,,B,,http_400,0,0,[],"{""A"": null, ""B"": null, ""C"": null, ""D"": null, ""E"": null}"
24,644570,6445,83,"[4, 2, 5, 3, 1]",0,v1,,E,,http_400,0,0,[],"{""A"": null, ""B"": null, ""C"": null, ""D"": null, ""E"": null}"
24,644570,6445,86,"[4, 3, 2, 1, 5]",0,v1,,D,,http_400,0,0,[],"{""A"": null, ""B"": null, ""C"": null, ""D"": null, ""E"": null}"
24,644570,6445,90,"[4, 5, 1, 2, 3]",0,v1,,C,,http_400,0,0,[],"{""A"": null, ""B"": null, ""C"": null, ""D"": null, ""E"": null}"
24,644570,6445,96,"[5, 1, 2, 3, 4]",0,v1,,B,,http_400,0,0,[],"{""A"": null, ""B"": null, ""C"": null, ""D"": null, ""E"": null}"
24,644570,6445,106,"[5, 2, 4, 1, 3]",0,v1,,D,,http_400,0,0,[],"{""A"": null, ""B"": null, ""C"": null, ""D"": null, ""E"": null}"
24,644570,6445,109,"[5, 3, 1, 4, 2]",0,v1,,C,,http_400,0,0,[],"{""A"": null, ""B"": null, ""C"": null, ""D"": null, ""E"": null}"
24,644570,6445,114,"[5, 4, 1, 2, 3]",0,v1,,C,,http_400,0,0,[],"{""A"": null, ""B"": null, ""C"": null, ""D"": null, ""E"": null}"
24,644570,6445,119,"[5, 4, 3, 2, 1]",0,v1,,E,,http_400,0,0,[],"{""A"": null, ""B"": null, ""C"": null, ""D"": null, ""E"": null}"
25,644571,6445,0,"[1, 2, 3, 4, 5]",0,v1,,E,,http_400,0,0,[],"{""A"": null, ""B"": null, ""C"": null, ""D"": null, ""E"": null}"
25,644571,6445,1,"[1, 2, 3, 5, 4]",0,v1,,D,,http_400,0,0,[],"{""A"": null, ""B"": null, ""C"": null, ""D"": null, ""E"": null}"
25,644571,6445,10,"[1, 3, 5, 2, 4]",0,v1,,C,,http_400,0,0,[],"{""A"": null, ""B"": null, ""C"": null, ""D"": null, ""E"": null}"
25,644571,6445,13,"[1, 4, 2, 5, 3]",0,v1,,D,,http_400,0,0,[],"{""A"": null, ""B"": null, ""C"": null, ""D"": null, ""E"": null}"
25,644571,6445,23,"[1, 5, 4, 3, 2]",0,v1,,B,,http_400,0,0,[],"{""A"": null, ""B"": null, ""C"": null, ""D"": null, ""E"": null}"
25,644571,6445,29,"[2, 1, 5, 4, 3]",0,v1,,C,,http_400,0,0,[],"{""A"": null, ""B"": null, ""C"": null, ""D"": null, ""E"": null}"
25,644571,6445,33,"[2, 3, 4, 5, 1]",0,v1,,D,,http_400,0,0,[],"{""A"": null, ""B"": null, ""C"": null, ""D"": null, ""E"": null}"
25,644571,6445,35,"[2, 3, 5, 4, 1]",0,v1,,C,,http_400,0,0,[],"{""A"": null, ""B"": null, ""C"": null, ""D"": null, ""E"": null}"
25,644571,6445,36,"[2, 4, 1, 3, 5]",0,v1,,E,,http_400,0,0,[],"{""A"": null, ""B"": null, ""C"": null, ""D"": null, ""E"": null}"
25,644571,6445,44,"[2, 5, 3, 1, 4]",0,v1,,B,,http_400,0,0,[],"{""A"": null, ""B"": null, ""C"": null, ""D"": null, ""E"": null}"
25,644571,6445,50,"[3, 1, 4, 2, 5]",0,v1,,E,,http_400,0,0,[],"{""A"": null, ""B"": null, ""C"": null, ""D"": null, ""E"": null}"
25,644571,6445,55,"[3, 2, 1, 5, 4]",0,v1,,D,,http_400,0,0,[],"{""A"": null, ""B"": null, ""C"": null, ""D"": null, ""E"": null}"
25,644571,6445,64,"[3, 4, 5, 1, 2]",0,v1,,C,,http_400,0,0,[],"{""A"": null, ""B"": null, ""C"": null, ""D"": null, ""E"": null}"
25,644571,6445,69,"[3, 5, 2, 4, 1]",0,v1,,B,,http_400,0,0,[],"{""A"": null, ""B"": null, ""C"": null, ""D"": null, ""E"": null}"
25,644571,6445,70,"[3, 5, 4, 1, 2]",0,v1,,B,,http_400,0,0,[],"{""A"": null, ""B"": null, ""C"": null, ""D"": null, ""E"": null}"
25,644571,6445,72,"[4, 1, 2, 3, 5]",0,v1,,E,,http_400,0,0,[],"{""A"": null, ""B"": null, ""C"": null, ""D"": null, ""E"": null}"
25,644571,6445,75,"[4, 1, 3, 5, 2]",0,v1,,D,,http_400,0,0,[],"{""A"": null, ""B"": null, ""C"": null, ""D"": null, ""E"": null}"
25,644571,6445,83,"[4, 2, 5, 3, 1]",0,v1,,C,,http_400,0,0,[],"{""A"": null, ""B"": null, ""C"": null, ""D"": null, ""E"": null}"
25,644571,6445,86,"[4, 3, 2, 1, 5]",0,v1,,E,,http_400,0,0,[],"{""A"": null, ""B"": null, ""C"": null, ""D"": null, ""E"": null}"
25,644571,6445,90,"[4, 5, 1, 2, 3]",0,v1,,B,,http_400,0,0,[],"{""A"": null, ""B"": null, ""C"": null, ""D"": null, ""E"": null}"
25,644571,6445,96,"[5, 1, 2, 3, 4]",0,v1,,A,,http_400,0,0,[],"{""A"": null, ""B"": null, ""C"": null, ""D"": null, ""E"": null}"
25,644571,6445,106,"[5, 2, 4, 1, 3]",0,v1,,A,,http_400,0,0,[],"{""A"": null, ""B"": null, ""C"": null, ""D"": null, ""E"": null}"
25,644571,6445,109,"[5, 3, 1, 4, 2]",0,v1,,A,,http_400,0,0,[],"{""A"": null, ""B"": null, ""C"": null, ""D"": null, ""E"": null}"
25,644571,6445,114,"[5, 4, 1, 2, 3]",0,v1,,A,,http_400,0,0,[],"{""A"": null, ""B"": null, ""C"": null, ""D"": null, ""E"": null}"
25,644571,6445,119,"[5, 4, 3, 2, 1]",0,v1,,A,,http_400,0,0,[],"{""A"": null, ""B"": null, ""C"": null, ""D"": null, ""E"": null}"
26,644572,6445,0,"[1, 2, 3, 4, 5]",0,v1,,A,,http_400,0,0,[],"{""A"": null, ""B"": null, ""C"": null, ""D"": null, ""E"": null}"
26,644572,6445,1,"[1, 2, 3, 5, 4]",0,v1,,A,,http_400,0,0,[],"{""A"": null, ""B"": null, ""C"": null, ""D"": null, ""E"": null}"
26,644572,6445,10,"[1, 3, 5, 2, 4]",0,v1,,A,,http_400,0,0,[],"{""A"": null, ""B"": null, ""C"": null, ""D"": null, ""E"": null}"
26,644572,6445,13,"[1, 4, 2, 5, 3]",0,v1,,A,,http_400,0,0,[],"{""A"": null, ""B"": null, ""C"": null, ""D"": null, ""E"": null}"
26,644572,6445,23,"[1, 5, 4, 3, 2]",0,v1,,A,,http_400,0,0,[],"{""A"": null, ""B"": null, ""C"": null, ""D"": null, ""E"": null}"
26,644572,6445,29,"[2, 1, 5, 4, 3]",0,v1,,B,,http_400,0,0,[],"{""A"": null, ""B"": null, ""C"": null, ""D"": null, ""E"": null}"
26,644572,6445,33,"[2, 3, 4, 5, 1]",0,v1,,E,,http_400,0,0,[],"{""A"": null, ""B"": null, ""C"": null, ""D"": null, ""E"": null}"
26,644572,6445,35,"[2, 3, 5, 4, 1]",0,v1,,E,,http_400,0,0,[],"{""A"": null, ""B"": null, ""C"": null, ""D"": null, ""E"": null}"
26,644572,6445,36,"[2, 4, 1, 3, 5]",0,v1,,C,,http_400,0,0,[],"{""A"": null, ""B"": null, ""C"": null, ""D"": null, ""E"": null}"
26,644572,6445,44,"[2, 5, 3, 1, 4]",0,v1,,D,,http_400,0,0,[],"{""A"": null, ""B"": null, ""C"": null, ""D"": null, ""E"": null}"
26,644572,6445,50,"[3, 1, 4, 2, 5]",0,v1,,B,,http_400,0,0,[],"{""A"": null, ""B"": null, ""C"": null, ""D"": null, ""E"": null}"
26,644572,6445,55,"[3, 2, 1, 5, 4]",0,v1,,C,,http_400,0,0,[],"{""A"": null, ""B"": null, ""C"": null, ""D"": null, ""E"": null}"
26,644572,6445,64,"[3, 4, 5, 1, 2]",0,v1,,D,,http_400,0,0,[],"{""A"": null, ""B"": null, ""C"": null, ""D"": null, ""E"": null}"
26,644572,6445,69,"[3, 5, 2, 4, 1]",0,v1,,E,,http_400,0,0,[],"{""A"": null, ""B"": null, ""C"": null, ""D"": null, ""E"": null}"
26,644572,6445,70,"[3, 5, 4, 1, 2]",0,v1,,D,,http_400,0,0,[],"{""A"": null, ""B"": null, ""C"": null, ""D"": null, ""E"": null}"
26,644572,6445,72,"[4, 1, 2, 3, 5]",0,v1,,B,,http_400,0,0,[],"{""A"": null, ""B"": null, ""C"": null, ""D"": null, ""E"": null}"
26,644572,6445,75,"[4, 1, 3, 5, 2]",0,v1,,B,,http_400,0,0,[],"{""A"": null, ""B"": null, ""C"": null, ""D"": null, ""E"": null}"
26,644572,6445,83,"[4, 2, 5, 3, 1]",0,v1,,E,,http_400,0,0,[],"{""A"": null, ""B"": null, ""C"": null, ""D"": null, ""E"": null}"
26,644572,6445,86,"[4, 3, 2, 1, 5]",0,v1,,D,,http_400,0,0,[],"{""A"": null, ""B"": null, ""C"": null, ""D"": null, ""E"": null}"
26,644572,6445,90,"[4, 5, 1, 2, 3]",0,v1,,C,,http_400,0,0,[],"{""A"": null, ""B"": null, ""C"": null, ""D"": null, ""E"": null}"
26,644572,6445,96,"[5, 1, 2, 3, 4]",0,v1,,B,,http_400,0,0,[],"{""A"": null, ""B"": null, ""C"": null, ""D"": null, ""E"": null}"
26,644572,6445,106,"[5, 2, 4, 1, 3]",0,v1,,D,,http_400,0,0,[],"{""A"": null, ""B"": null, ""C"": null, ""D"": null, ""E"": null}"
26,644572,6445,109,"[5, 3, 1, 4, 2]",0,v1,,C,,http_400,0,0,[],"{""A"": null, ""B"": null, ""C"": null, ""D"": null, ""E"": null}"
26,644572,6445,114,"[5, 4, 1, 2, 3]",0,v1,,C,,http_400,0,0,[],"{""A"": null, ""B"": null, ""C"": null, ""D"": null, ""E"": null}"
26,644572,6445,119,"[5, 4, 3, 2, 1]",0,v1,,E,,http_400,0,0,[],"{""A"": null, ""B"": null, ""C"": null, ""D"": null, ""E"": null}"
27,644573,6445,0,"[1, 2, 3, 4, 5]",0,v1,,D,,http_400,0,0,[],"{""A"": null, ""B"": null, ""C"": null, ""D"": null, ""E"": null}"
27,644573,6445,1,"[1, 2, 3, 5, 4]",0,v1,,E,,http_400,0,0,[],"{""A"": null, ""B"": null, ""C"": null, ""D"": null, ""E"": null}"
27,644573,6445,10,"[1, 3, 5, 2, 4]",0,v1,,E,,http_400,0,0,[],"{""A"": null, ""B"": null, ""C"": null, ""D"": null, ""E"": null}"
27,644573,6445,13,"[1, 4, 2, 5, 3]",0,v1,,B,,http_400,0,0,[],"{""A"": null, ""B"": null, ""C"": null, ""D"": null, ""E"": null}"
27,644573,6445,23,"[1, 5, 4, 3, 2]",0,v1,,C,,http_400,0,0,[],"{""A"": null, ""B"": null, ""C"": null, ""D"": null, ""E"": null}"
27,644573,6445,29,"[2, 1, 5, 4, 3]",0,v1,,D,,http_400,0,0,[],"{""A"": null, ""B"": null, ""C"": null, ""D"": null, ""E"": null}"
27,644573,6445,33,"[2, 3, 4, 5, 1]",0,v1,,C,,http_400,0,0,[],"{""A"": null, ""B"": null, ""C"": null, ""D"": null, ""E"": null}"
27,644573,6445,35,"[2, 3, 5, 4, 1]",0,v1,,D,,http_400,0,0,[],"{""A"": null, ""B"": null, ""C"": null, ""D"": null, ""E"": null}"
27,644573,6445,36,"[2, 4, 1, 3, 5]",0,v1,,B,,http_400,0,0,[],"{""A"": null, ""B"": null, ""C"": null, ""D"": null, ""E"": null}"
27,644573,6445,44,"[2, 5, 3, 1, 4]",0,v1,,E,,http_400,0,0,[],"{""A"": null, ""B"": null, ""C"": null, ""D"": null, ""E"": null}"
27,644573,6445,50,"[3, 1, 4, 2, 5]",0,v1,,C,,http_400,0,0,[],"{""A"": null, ""B"": null, ""C"": null, ""D"": null, ""E"": null}"
27,644573,6445,55,"[3, 2, 1, 5, 4]",0,v1,,E,,http_400,0,0,[],"{""A"": null, ""B"": null, ""C"": null, ""D"": null, ""E"": null}"
27,644573,6445,64,"[3, 4, 5, 1, 2]",0,v1,,B,,http_400,0,0,[],"{""A"": null, ""B"": null, ""C"": null, ""D"": null, ""E"": null}"
27,644573,6445,69,"[3, 5, 2, 4, 1]",0,v1,,D,,http_400,0,0,[],"{""A"": null, ""B"": null, ""C"": null, ""D"": null, ""E"": null}"
27,644573,6445,70,"[3, 5, 4, 1, 2]",0,v1,,C,,http_400,0,0,[],"{""A"": null, ""B"": null, ""C"": null, ""D"": null, ""E"": null}"
27,644573,6445,72,"[4, 1, 2, 3, 5]",0,v1,,A,,http_400,0,0,[],"{""A"": null, ""B"": null, ""C"": null, ""D"": null, ""E"": null}"
27,644573,6445,75,"[4, 1, 3, 5, 2]",0,v1,,A,,http_400,0,0,[],"{""A"": null, ""B"": null, ""C"": null, ""D"": null, ""E"": null}"
27,644573,6445,83,"[4, 2, 5, 3, 1]",0,v1,,A,,http_400,0,0,[],"{""A"": null, ""B"": null, ""C"": null, ""D"": null, ""E"": null}"
27,644573,6445,86,"[4, 3, 2, 1, 5]",0,v1,,A,,http_400,0,0,[],"{""A"": null, ""B"": null, ""C"": null, ""D"": null, ""E"": null}"
27,644573,6445,90,"[4, 5, 1, 2, 3]",0,v1,,A,,http_400,0,0,[],"{""A"": null, ""B"": null, ""C"": null, ""D"": null, ""E"": null}"
27,644573,6445,96,"[5, 1, 2, 3, 4]",0,v1,,E,,http_400,0,0,[],"{""A"": null, ""B"": null, ""C"": null, ""D"": null, ""E"": null}"
27,644573,6445,106,"[5, 2, 4, 1, 3]",0,v1,,C,,http_400,0,0,[],"{""A"": null, ""B"": null, ""C"": null, ""D"": null, ""E"": null}"
27,644573,6445,109,"[5, 3, 1, 4, 2]",0,v1,,D,,http_400,0,0,[],"{""A"": null, ""B"": null, ""C"": null, ""D"": null, ""E"": null}"
27,644573,6445,114,"[5, 4, 1, 2, 3]",0,v1,,B,,http_400,0,0,[],"{""A"": null, ""B"": null, ""C"": null, ""D"": null, ""E"": null}"
27,644573,6445,119,"[5, 4, 3, 2, 1]",0,v1,,B,,http_400,0,0,[],"{""A"": null, ""B"": null, ""C"": null, ""D"": null, ""E"": null}"
28,644574,6445,0,"[1, 2, 3, 4, 5]",0,v1,,A,,http_400,0,0,[],"{""A"": null, ""B"": null, ""C"": null, ""D"": null, ""E"": null}"
28,644574,6445,1,"[1, 2, 3, 5, 4]",0,v1,,A,,http_400,0,0,[],"{""A"": null, ""B"": null, ""C"": null, ""D"": null, ""E"": null}"
28,644574,6445,10,"[1, 3, 5, 2, 4]",0,v1,,A,,http_400,0,0,[],"{""A"": null, ""B"": null, ""C"": null, ""D"": null, ""E"": null}"
28,644574,6445,13,"[1, 4, 2, 5, 3]",0,v1,,A,,http_400,0,0,[],"{""A"": null, ""B"": null, ""C"": null, ""D"": null, ""E"": null}"
28,644574,6445,23,"[1, 5, 4, 3, 2]",0,v1,,A,,http_400,0,0,[],"{""A"": null, ""B"": null, ""C"": null, ""D"": null, ""E"": null}"
28,644574,6445,29,"[2, 1, 5, 4, 3]",0,v1,,B,,http_400,0,0,[],"{""A"": null, ""B"": null, ""C"": null, ""D"": null, ""E"": null}"
28,644574,6445,33,"[2, 3, 4, 5, 1]",0,v1,,E,,http_400,0,0,[],"{""A"": null, ""B"": null, ""C"": null, ""D"": null, ""E"": null}"
28,644574,6445,35,"[2, 3, 5, 4, 1]",0,v1,,E,,http_400,0,0,[],"{""A"": null, ""B"": null, ""C"": null, ""D"": null, ""E"": null}"
28,644574,6445,36,"[2, 4, 1, 3, 5]",0,v1,,C,,http_400,0,0,[],"{""A"": null, ""B"": null, ""C"": null, ""D"": null, ""E"": null}"
28,644574,6445,44,"[2, 5, 3, 1, 4]",0,v1,,D,,http_400,0,0,[],"{""A"": null, ""B"": null, ""C"": null, ""D"": null, ""E"": null}"
28,644574,6445,50,"[3, 1, 4, 2, 5]",0,v1,,B,,http_400,0,0,[],"{""A"": null, ""B"": null, ""C"": null, ""D"": null, ""E"": null}"
28,644574,6445,55,"[3, 2, 1, 5, 4]",0,v1,,C,,http_400,0,0,[],"{""A"": null, ""B"": null, ""C"": null, ""D"": null, ""E"": null}"
28,644574,6445,64,"[3, 4, 5, 1, 2]",0,v1,,D,,http_400,0,0,[],"{""A"": null, ""B"": null, ""C"": null, ""D"": null, ""E"": null}"
28,644574,6445,69,"[3, 5, 2, 4, 1]",0,v1,,E,,http_400,0,0,[],"{""A"": null, ""B"": null, ""C"": null, ""D"": null, ""E"": null}"
28,644574,6445,70,"[3, 5, 4, 1, 2]",0,v1,,D,,http_400,0,0,[],"{""A"": null, ""B"": null, ""C"": null, ""D"": null, ""E"": null}"
28,644574,6445,72,"[4, 1, 2, 3, 5]",0,v1,,B,,http_400,0,0,[],"{""A"": null, ""B"": null, ""C"": null, ""D"": null, ""E"": null}"
28,644574,6445,75,"[4, 1, 3, 5, 2]",0,v1,,B,,http_400,0,0,[],"{""A"": null, ""B"": null, ""C"": null, ""D"": null, ""E"": null}"
28,644574,6445,83,"[4, 2, 5, 3, 1]",0,v1,,E,,http_400,0,0,[],"{""A"": null, ""B"": null, ""C"": null, ""D"": null, ""E"": null}"
28,644574,6445,86,"[4, 3, 2, 1, 5]",0,v1,,D,,http_400,0,0,[],"{""A"": null, ""B"": null, ""C"": null, ""D"": null, ""E"": null}"
28,644574,6445,90,"[4, 5, 1, 2, 3]",0,v1,,C,,http_400,0,0,[],"{""A"": null, ""B"": null, ""C"": null, ""D"": null, ""E"": null}"
28,644574,6445,96,"[5, 1, 2, 3, 4]",0,v1,,B,,http_400,0,0,[],"{""A"": null, ""B"": null, ""C"": null, ""D"": null, ""E"": null}"
28,644574,6445,106,"[5, 2, 4, 1, 3]",0,v1,,D,,http_400,0,0,[],"{""A"": null, ""B"": null, ""C"": null, ""D"": null, ""E"": null}"
28,644574,6445,109,"[5, 3, 1, 4, 2]",0,v1,,C,,http_400,0,0,[],"{""A"": null, ""B"": null, ""C"": null, ""D"": null, ""E"": null}"
28,644574,6445,114,"[5, 4, 1, 2, 3]",0,v1,,C,,http_400,0,0,[],"{""A"": null, ""B"": null, ""C"": null, ""D"": null, ""E"": null}"
28,644574,6445,119,"[5, 4, 3, 2, 1]",0,v1,,E,,http_400,0,0,[],"{""A"": null, ""B"": null, ""C"": null, ""D"": null, ""E"": null}"
29,644575,6445,0,"[1, 2, 3, 4, 5]",0,v1,,E,,http_400,0,0,[],"{""A"": null, ""B"": null, ""C"": null, ""D"": null, ""E"": null}"
29,644575,6445,1,"[1, 2, 3, 5, 4]",0,v1,,D,,http_400,0,0,[],"{""A"": null, ""B"": null, ""C"": null, ""D"": null, ""E"": null}"
29,644575,6445,10,"[1, 3, 5, 2, 4]",0,v1,,C,,http_400,0,0,[],"{""A"": null, ""B"": null, ""C"": null, ""D"": null, ""E"": null}"
29,644575,6445,13,"[1, 4, 2, 5, 3]",0,v1,,D,,http_400,0,0,[],"{""A"": null, ""B"": null, ""C"": null, ""D"": null, ""E"": null}"
29,644575,6445,23,"[1, 5, 4, 3, 2]",0,v1,,B,,http_400,0,0,[],"{""A"": null, ""B"": null, ""C"": null, ""D"": null, ""E"": null}"
29,644575,6445,29,"[2, 1, 5, 4, 3]",0,v1,,C,,http_400,0,0,[],"{""A"": null, ""B"": null, ""C"": null, ""D"": null, ""E"": null}"
29,644575,6445,33,"[2, 3, 4, 5, 1]",0,v1,,D,,http_400,0,0,[],"{""A"": null, ""B"": null, ""C"": null, ""D"": null, ""E"": null}"
29,644575,6445,35,"[2, 3, 5, 4, 1]",0,v1,,C,,http_400,0,0,[],"{""A"": null, ""B"": null, ""C"": null, ""D"": null, ""E"": null}"
29,644575,6445,36,"[2, 4, 1, 3, 5]",0,v1,,E,,http_400,0,0,[],"{""A"": null, ""B"": null, ""C"": null, ""D"": null, ""E"": null}"
29,644575,6445,44,"[2, 5, 3, 1, 4]",0,v1,,B,,http_400,0,0,[],"{""A"": null, ""B"": null, ""C"": null, ""D"": null, ""E"": null}"
29,644575,6445,50,"[3, 1, 4, 2, 5]",0,v1,,E,,http_400,0,0,[],"{""A"": null, ""B"": null, ""C"": null, ""D"": null, ""E"": null}"
29,644575,6445,55,"[3, 2, 1, 5, 4]",0,v1,,D,,http_400,0,0,[],"{""A"": null, ""B"": null, ""C"": null, ""D"": null, ""E"": null}"
29,644575,6445,64,"[3, 4, 5, 1, 2]",0,v1,,C,,http_400,0,0,[],"{""A"": null, ""B"": null, ""C"": null, ""D"": null, ""E"": null}"
29,644575,6445,69,"[3, 5, 2, 4, 1]",0,v1,,B,,http_400,0,0,[],"{""A"": null, ""B"": null, ""C"": null, ""D"": null, ""E"": null}"
29,644575,6445,70,"[3, 5, 4, 1, 2]",0,v1,,B,,http_400,0,0,[],"{""A"": null, ""B"": null, ""C"": null, ""D"": null, ""E"": null}"
29,644575,6445,72,"[4, 1, 2, 3, 5]",0,v1,,E,,http_400,0,0,[],"{""A"": null, ""B"": null, ""C"": null, ""D"": null, ""E"": null}"
29,644575,6445,75,"[4, 1, 3, 5, 2]",0,v1,,D,,http_400,0,0,[],"{""A"": null, ""B"": null, ""C"": null, ""D"": null, ""E"": null}"
29,644575,6445,83,"[4, 2, 5, 3, 1]",0,v1,,C,,http_400,0,0,[],"{""A"": null, ""B"": null, ""C"": null, ""D"": null, ""E"": null}"
29,644575,6445,86,"[4, 3, 2, 1, 5]",0,v1,,E,,http_400,0,0,[],"{""A"": null, ""B"": null, ""C"": null, ""D"": null, ""E"": null}"
29,644575,6445,90,"[4, 5, 1, 2, 3]",0,v1,,B,,http_400,0,0,[],"{""A"": null, ""B"": null, ""C"": null, ""D"": null, ""E"": null}"
29,644575,6445,96,"[5, 1, 2, 3, 4]",0,v1,,A,,http_400,0,0,[],"{""A"": null, ""B"": null, ""C"": null, ""D"": null, ""E"": null}"
29,644575,6445,106,"[5, 2, 4, 1, 3]",0,v1,,A,,http_400,0,0,[],"{""A"": null, ""B"": null, ""C"": null, ""D"": null, ""E"": null}"
29,644575,6445,109,"[5, 3, 1, 4, 2]",0,v1,,A,,http_400,0,0,[],"{""A"": null, ""B"": null, ""C"": null, ""D"": null, ""E"": null}"
29,644575,6445,114,"[5, 4, 1, 2, 3]",0,v1,,A,,http_400,0,0,[],"{""A"": null, ""B"": null, ""C"": null, ""D"": null, ""E"": null}"
29,644575,6445,119,"[5, 4, 3, 2, 1]",0,v1,,A,,http_400,0,0,[],"{""A"": null, ""B"": null, ""C"": null, ""D"": null, ""E"": null}"
30,644576,6445,0,"[1, 2, 3, 4, 5]",0,v1,,B,,http_400,0,0,[],"{""A"": null, ""B"": null, ""C"": null, ""D"": null, ""E"": null}"
30,644576,6445,1,"[1, 2, 3, 5, 4]",0,v1,,B,,http_400,0,0,[],"{""A"": null, ""B"": null, ""C"": null, ""D"": null, ""E"": null}"
30,644576,6445,10,"[1, 3, 5, 2, 4]",0,v1,,D,,http_400,0,0,[],"{""A"": null, ""B"": null, ""C"": null, ""D"": null, ""E"": null}"
30,644576,6445,13,"[1, 4, 2, 5, 3]",0,v1,,C,,http_400,0,0,[],"{""A"": null, ""B"": null, ""C"": null, ""D"": null, ""E"": null}"
30,644576,6445,23,"[1, 5, 4, 3, 2]",0,v1,,E,,http_400,0,0,[],"{""A"": null, ""B"": null, ""C"": null, ""D"": null, ""E"": null}"
30,644576,6445,29,"[2, 1, 5, 4, 3]",0,v1,,A,,http_400,0,0,[],"{""A"": null, ""B"": null, ""C"": null, ""D"": null, ""E"": null}"
30,644576,6445,33,"[2, 3, 4, 5, 1]",0,v1,,A,,http_400,0,0,[],"{""A"": null, ""B"": null, ""C"": null, ""D"": null, ""E"": null}"
30,644576,6445,35,"[2, 3, 5, 4, 1]",0,v1,,A,,http_400,0,0,[],"{""A"": null, ""B"": null, ""C"": null, ""D"": null, ""E"": null}"
30,644576,6445,36,"[2, 4, 1, 3, 5]",0,v1,,A,,http_400,0,0,[],"{""A"": null, ""B"": null, ""C"": null, ""D"": null, ""E"": null}"
30,644576,6445,44,"[2, 5, 3, 1, 4]",0,v1,,A,,http_400,0,0,[],"{""A"": null, ""B"": null, ""C"": null, ""D"": null, ""E"": null}"
30,644576,6445,50,"[3, 1, 4, 2, 5]",0,v1,,D,,http_400,0,0,[],"{""A"": null, ""B"": null, ""C"": null, ""D"": null, ""E"": null}"
30,644576,6445,55,"[3, 2, 1, 5, 4]",0,v1,,B,,http_400,0,0,[],"{""A"": null, ""B"": null, ""C"": null, ""D"": null, ""E"": null}"
30,644576,6445,64,"[3, 4, 5, 1, 2]",0,v1,,E,,http_400,0,0,[],"{""A"": null, ""B"": null, ""C"": null, ""D"": null, ""E"": null}"
30,644576,6445,69,"[3, 5, 2, 4, 1]",0,v1,,C,,http_400,0,0,[],"{""A"": null, ""B"": null, ""C"": null, ""D"": null, ""E"": null}"
30,644576,6445,70,"[3, 5, 4, 1, 2]",0,v1,,E,,http_400,0,0,[],"{""A"": null, ""B"": null, ""C"": null, ""D"": null, ""E"": null}"
30,644576,6445,72,"[4, 1, 2, 3, 5]",0,v1,,C,,http_400,0,0,[],"{""A"": null, ""B"": null, ""C"": null, ""D"": null, ""E"": null}"
30,644576,6445,75,"[4, 1, 3, 5, 2]",0,v1,,E,,http_400,0,0,[],"{""A"": null, ""B"": null, ""C"": null, ""D"": null, ""E"": null}"
30,644576,6445,83,"[4, 2, 5, 3, 1]",0,v1,,B,,http_400,0,0,[],"{""A"": null, ""B"": null, ""C"": null, ""D"": null, ""E"": null}"
30,644576,6445,86,"[4, 3, 2, 1, 5]",0,v1,,C,,http_400,0,0,[],"{""A"": null, ""B"": null, ""C"": null, ""D"": null, ""E"": null}"
30,644576,6445,90,"[4, 5, 1, 2, 3]",0,v1,,D,,http_400,0,0,[],"{""A"": null, ""B"": null, ""C"": null, ""D"": null, ""E"": null}"
30,644576,6445,96,"[5, 1, 2, 3, 4]",0,v1,,C,,http_400,0,0,[],"{""A"": null, ""B"": null, ""C"": null, ""D"": null, ""E"": null}"
30,644576,6445,106,"[5, 2, 4, 1, 3]",0,v1,,B,,http_400,0,0,[],"{""A"": null, ""B"": null, ""C"": null, ""D"": null, ""E"": null}"
30,644576,6445,109,"[5, 3, 1, 4, 2]",0,v1,,E,,http_400,0,0,[],"{""A"": null, ""B"": null, ""C"": null, ""D"": null, ""E"": null}"
30,644576,6445,114,"[5, 4, 1, 2, 3]",0,v1,,D,,http_400,0,0,[],"{""A"": null, ""B"": null, ""C"": null, ""D"": null, ""E"": null}"
30,644576,6445,119,"[5, 4, 3, 2, 1]",0,v1,,D,,http_400,0,0,[],"{""A"": null, ""B"": null, ""C"": null, ""D"": null, ""E"": null}"
31,644577,6445,0,"[1, 2, 3, 4, 5]",0,v1,,E,,http_400,0,0,[],"{""A"": null, ""B"": null, ""C"": null, ""D"": null, ""E"": null}"
31,644577,6445,1,"[1, 2, 3, 5, 4]",0,v1,,D,,http_400,0,0,[],"{""A"": null, ""B"": null, ""C"": null, ""D"": null, ""E"": null}"
31,644577,6445,10,"[1, 3, 5, 2, 4]",0,v1,,C,,http_400,0,0,[],"{""A"": null, ""B"": null, ""C"": null, ""D"": null, ""E"": null}"
31,644577,6445,13,"[1, 4, 2, 5, 3]",0,v1,,D,,http_400,0,0,[],"{""A"": null, ""B"": null, ""C"": null, ""D"": null, ""E"": null}"
31,644577,6445,23,"[1, 5, 4, 3, 2]",0,v1,,B,,http_400,0,0,[],"{""A"": null, ""B"": null, ""C"": null, ""D"": null, ""E"": null}"
31,644577,6445,29,"[2, 1, 5, 4, 3]",0,v1,,C,,http_400,0,0,[],"{""A"": null, ""B"": null, ""C"": null, ""D"": null, ""E"": null}"
31,644577,6445,33,"[2, 3, 4, 5, 1]",0,v1,,D,,http_400,0,0,[],"{""A"": null, ""B"": null, ""C"": null, ""D"": null, ""E"": null}"
31,644577,6445,35,"[2, 3, 5, 4, 1]",0,v1,,C,,http_400,0,0,[],"{""A"": null, ""B"": null, ""C"": null, ""D"": null, ""E"": null}"
31,644577,6445,36,"[2, 4, 1, 3, 5]",0,v1,,E,,http_400,0,0,[],"{""A"": null, ""B"": null, ""C"": null, ""D"": null, ""E"": null}"
31,644577,6445,44,"[2, 5, 3, 1, 4]",0,v1,,B,,http_400,0,0,[],"{""A"": null, ""B"": null, ""C"": null, ""D"": null, ""E"": null}"
31,644577,6445,50,"[3, 1, 4, 2, 5]",0,v1,,E,,http_400,0,0,[],"{""A"": null, ""B"": null, ""C"": null, ""D"": null, ""E"": null}"
31,644577,6445,55,"[3, 2, 1, 5, 4]",0,v1,,D,,http_400,0,0,[],"{""A"": null, ""B"": null, ""C"": null, ""D"": null, ""E"": null}"
31,644577,6445,64,"[3, 4, 5, 1, 2]",0,v1,,C,,http_400,0,0,[],"{""A"": null, ""B"": null, ""C"": null, ""D"": null, ""E"": null}"
31,644577,6445,69,"[3, 5, 2, 4, 1]",0,v1,,B,,http_400,0,0,[],"{""A"": null, ""B"": null, ""C"": null, ""D"": null, ""E"": null}"
31,644577,6445,70,"[3, 5, 4, 1, 2]",0,v1,,B,,http_400,0,0,[],"{""A"": null, ""B"": null, ""C"": null, ""D"": null, ""E"": null}"
31,644577,6445,72,"[4, 1, 2, 3, 5]",0,v1,,E,,http_400,0,0,[],"{""A"": null, ""B"": null, ""C"": null, ""D"": null, ""E"": null}"
31,644577,6445,75,"[4, 1, 3, 5, 2]",0,v1,,D,,http_400,0,0,[],"{""A"": null, ""B"": null, ""C"": null, ""D"": null, ""E"": null}"
31,644577,6445,83,"[4, 2, 5, 3, 1]",0,v1,,C,,http_400,0,0,[],"{""A"": null, ""B"": null, ""C"": null, ""D"": null, ""E"": null}"
31,644577,6445,86,"[4, 3, 2, 1, 5]",0,v1,,E,,http_400,0,0,[],"{""A"": null, ""B"": null, ""C"": null, ""D"": null, ""E"": null}"
31,644577,6445,90,"[4, 5, 1, 2, 3]",0,v1,,B,,http_400,0,0,[],"{""A"": null, ""B"": null, ""C"": null, ""D"": null, ""E"": null}"
31,644577,6445,96,"[5, 1, 2, 3, 4]",0,v1,,A,,http_400,0,0,[],"{""A"": null, ""B"": null, ""C"": null, ""D"": null, ""E"": null}"
31,644577,6445,106,"[5, 2, 4, 1, 3]",0,v1,,A,,http_400,0,0,[],"{""A"": null, ""B"": null, ""C"": null, ""D"": null, ""E"": null}"
31,644577,6445,109,"[5, 3, 1, 4, 2]",0,v1,,A,,http_400,0,0,[],"{""A"": null, ""B"": null, ""C"": null, ""D"": null, ""E"": null}"
31,644577,6445,114,"[5, 4, 1, 2, 3]",0,v1,,A,,http_400,0,0,[],"{""A"": null, ""B"": null, ""C"": null, ""D"": null, ""E"": null}"
31,644577,6445,119,"[5, 4, 3, 2, 1]",0,v1,,A,,http_400,0,0,[],"{""A"": null, ""B"": null, ""C"": null, ""D"": null, ""E"": null}"
32,644578,6445,0,"[1, 2, 3, 4, 5]",0,v1,,A,,http_400,0,0,[],"{""A"": null, ""B"": null, ""C"": null, ""D"": null, ""E"": null}"
32,644578,6445,1,"[1, 2, 3, 5, 4]",0,v1,,A,,http_400,0,0,[],"{""A"": null, ""B"": null, ""C"": null, ""D"": null, ""E"": null}"
32,644578,6445,10,"[1, 3, 5, 2, 4]",0,v1,,A,,http_400,0,0,[],"{""A"": null, ""B"": null, ""C"": null, ""D"": null, ""E"": null}"
32,644578,6445,13,"[1, 4, 2, 5, 3]",0,v1,,A,,http_400,0,0,[],"{""A"": null, ""B"": null, ""C"": null, ""D"": null, ""E"": null}"
32,644578,6445,23,"[1, 5, 4, 3, 2]",0,v1,,A,,http_400,0,0,[],"{""A"": null, ""B"": null, ""C"": null, ""D"": null, ""E"": null}"
32,644578,6445,29,"[2, 1, 5, 4, 3]",0,v1,,B,,http_400,0,0,[],"{""A"": null, ""B"": null, ""C"": null, ""D"": null, ""E"": null}"
32,644578,6445,33,"[2, 3, 4, 5, 1]",0,v1,,E,,http_400,0,0,[],"{""A"": null, ""B"": null, ""C"": null, ""D"": null, ""E"": null}"
32,644578,6445,35,"[2, 3, 5, 4, 1]",0,v1,,E,,http_400,0,0,[],"{""A"": null, ""B"": null, ""C"": null, ""D"": null, ""E"": null}"
32,644578,6445,36,"[2, 4, 1, 3, 5]",0,v1,,C,,http_400,0,0,[],"{""A"": null, ""B"": null, ""C"": null, ""D"": null, ""E"": null}"
32,644578,6445,44,"[2, 5, 3, 1, 4]",0,v1,,D,,http_400,0,0,[],"{""A"": null, ""B"": null, ""C"": null, ""D"": null, ""E"": null}"
32,644578,6445,50,"[3, 1, 4, 2, 5]",0,v1,,B,,http_400,0,0,[],"{""A"": null, ""B"": null, ""C"": null, ""D"": null, ""E"": null}"
32,644578,6445,55,"[3, 2, 1, 5, 4]",0,v1,,C,,http_400,0,0,[],"{""A"": null, ""B"": null, ""C"": null, ""D"": null, ""E"": null}"
32,644578,6445,64,"[3, 4, 5, 1, 2]",0,v1,,D,,http_400,0,0,[],"{""A"": null, ""B"": null, ""C"": null, ""D"": null, ""E"": null}"
32,644578,6445,69,"[3, 5, 2, 4, 1]",0,v1,,E,,http_400,0,0,[],"{""A"": null, ""B"": null, ""C"": null, ""D"": null, ""E"": null}"
32,644578,6445,70,"[3, 5, 4, 1, 2]",0,v1,,D,,http_400,0,0,[],"{""A"": null, ""B"": null, ""C"": null, ""D"": null, ""E"": null}"
32,644578,6445,72,"[4, 1, 2, 3, 5]",0,v1,,B,,http_400,0,0,[],"{""A"": null, ""B"": null, ""C"": null, ""D"": null, ""E"": null}"
32,644578,6445,75,"[4, 1, 3, 5, 2]",0,v1,,B,,http_400,0,0,[],"{""A"": null, ""B"": null, ""C"": null, ""D"": null, ""E"": null}"
32,644578,6445,83,"[4, 2, 5, 3, 1]",0,v1,,E,,http_400,0,0,[],"{""A"": null, ""B"": null, ""C"": null, ""D"": null, ""E"": null}"
32,644578,6445,86,"[4, 3, 2, 1, 5]",0,v1,,D,,http_400,0,0,[],"{""A"": null, ""B"": null, ""C"": null, ""D"": null, ""E"": null}"
32,644578,6445,90,"[4, 5, 1, 2, 3]",0,v1,,C,,http_400,0,0,[],"{""A"": null, ""B"": null, ""C"": null, ""D"": null, ""E"": null}"
32,644578,6445,96,"[5, 1, 2, 3, 4]",0,v1,,B,,http_400,0,0,[],"{""A"": null, ""B"": null, ""C"": null, ""D"": null, ""E"": null}"
32,644578,6445,106,"[5, 2, 4, 1, 3]",0,v1,,D,,http_400,0,0,[],"{""A"": null, ""B"": null, ""C"": null, ""D"": null, ""E"": null}"
32,644578,6445,109,"[5, 3, 1, 4, 2]",0,v1,,C,,http_400,0,0,[],"{""A"": null, ""B"": null, ""C"": null, ""D"": null, ""E"": null}"
32,644578,6445,114,"[5, 4, 1, 2, 3]",0,v1,,C,,http_400,0,0,[],"{""A"": null, ""B"": null, ""C"": null, ""D"": null, ""E"": null}"
32,644578,6445,119,"[5, 4, 3, 2, 1]",0,v1,,E,,http_400,0,0,[],"{""A"": null, ""B"": null, ""C"": null, ""D"": null, ""E"": null}"
33,644579,6445,0,"[1, 2, 3, 4, 5]",0,v1,,C,,http_400,0,0,[],"{""A"": null, ""B"": null, ""C"": null, ""D"": null, ""E"": null}"
33,644579,6445,1,"[1, 2, 3, 5, 4]",0,v1,,C,,http_400,0,0,[],"{""A"": null, ""B"": null, ""C"": null, ""D"": null, ""E"": null}"
33,644579,6445,10,"[1, 3, 5, 2, 4]",0,v1,,B,,http_400,0,0,[],"{""A"": null, ""B"": null, ""C"": null, ""D"": null, ""E"": null}"
33,644579,6445,13,"[1, 4, 2, 5, 3]",0,v1,,E,,typeerror,0,0,[],"{""A"": null, ""B"": null, ""C"": null, ""D"": null, ""E"": null}"
33,644579,6445,23,"[1, 5, 4, 3, 2]",0,v1,,D,,http_400,0,0,[],"{""A"": null, ""B"": null, ""C"": null, ""D"": null, ""E"": null}"
33,644579,6445,29,"[2, 1, 5, 4, 3]",0,v1,,E,,http_400,0,0,[],"{""A"": null, ""B"": null, ""C"": null, ""D"": null, ""E"": null}"
33,644579,6445,33,"[2, 3, 4, 5, 1]",0,v1,,B,,http_400,0,0,[],"{""A"": null, ""B"": null, ""C"": null, ""D"": null, ""E"": null}"
33,644579,6445,35,"[2, 3, 5, 4, 1]",0,v1,,B,,http_400,0,0,[],"{""A"": null, ""B"": null, ""C"": null, ""D"": null, ""E"": null}"
33,644579,6445,36,"[2, 4, 1, 3, 5]",0,v1,,D,,http_400,0,0,[],"{""A"": null, ""B"": null, ""C"": null, ""D"": null, ""E"": null}"
33,644579,6445,44,"[2, 5, 3, 1, 4]",0,v1,,C,,http_400,0,0,[],"{""A"": null, ""B"": null, ""C"": null, ""D"": null, ""E"": null}"
33,644579,6445,50,"[3, 1, 4, 2, 5]",0,v1,,A,,http_400,0,0,[],"{""A"": null, ""B"": null, ""C"": null, ""D"": null, ""E"": null}"
33,644579,6445,55,"[3, 2, 1, 5, 4]",0,v1,,A,,http_400,0,0,[],"{""A"": null, ""B"": null, ""C"": null, ""D"": null, ""E"": null}"
33,644579,6445,64,"[3, 4, 5, 1, 2]",0,v1,,A,,http_400,0,0,[],"{""A"": null, ""B"": null, ""C"": null, ""D"": null, ""E"": null}"
33,644579,6445,69,"[3, 5, 2, 4, 1]",0,v1,,A,,http_400,0,0,[],"{""A"": null, ""B"": null, ""C"": null, ""D"": null, ""E"": null}"
33,644579,6445,70,"[3, 5, 4, 1, 2]",0,v1,,A,,http_400,0,0,[],"{""A"": null, ""B"": null, ""C"": null, ""D"": null, ""E"": null}"
33,644579,6445,72,"[4, 1, 2, 3, 5]",0,v1,,D,,http_400,0,0,[],"{""A"": null, ""B"": null, ""C"": null, ""D"": null, ""E"": null}"
33,644579,6445,75,"[4, 1, 3, 5, 2]",0,v1,,C,,http_400,0,0,[],"{""A"": null, ""B"": null, ""C"": null, ""D"": null, ""E"": null}"
33,644579,6445,83,"[4, 2, 5, 3, 1]",0,v1,,D,,http_400,0,0,[],"{""A"": null, ""B"": null, ""C"": null, ""D"": null, ""E"": null}"
33,644579,6445,86,"[4, 3, 2, 1, 5]",0,v1,,B,,http_400,0,0,[],"{""A"": null, ""B"": null, ""C"": null, ""D"": null, ""E"": null}"
33,644579,6445,90,"[4, 5, 1, 2, 3]",0,v1,,E,,http_400,0,0,[],"{""A"": null, ""B"": null, ""C"": null, ""D"": null, ""E"": null}"
33,644579,6445,96,"[5, 1, 2, 3, 4]",0,v1,,D,,http_400,0,0,[],"{""A"": null, ""B"": null, ""C"": null, ""D"": null, ""E"": null}"
33,644579,6445,106,"[5, 2, 4, 1, 3]",0,v1,,E,,http_400,0,0,[],"{""A"": null, ""B"": null, ""C"": null, ""D"": null, ""E"": null}"
33,644579,6445,109,"[5, 3, 1, 4, 2]",0,v1,,B,,http_400,0,0,[],"{""A"": null, ""B"": null, ""C"": null, ""D"": null, ""E"": null}"
33,644579,6445,114,"[5, 4, 1, 2, 3]",0,v1,,E,,http_400,0,0,[],"{""A"": null, ""B"": null, ""C"": null, ""D"": null, ""E"": null}"
33,644579,6445,119,"[5, 4, 3, 2, 1]",0,v1,,C,,http_400,0,0,[],"{""A"": null, ""B"": null, ""C"": null, ""D"": null, ""E"": null}"
34,644580,6445,0,"[1, 2, 3, 4, 5]",0,v1,,C,,http_400,0,0,[],"{""A"": null, ""B"": null, ""C"": null, ""D"": null, ""E"": null}"
34,644580,6445,1,"[1, 2, 3, 5, 4]",0,v1,,C,,http_400,0,0,[],"{""A"": null, ""B"": null, ""C"": null, ""D"": null, ""E"": null}"
34,644580,6445,10,"[1, 3, 5, 2, 4]",0,v1,,B,,http_400,0,0,[],"{""A"": null, ""B"": null, ""C"": null, ""D"": null, ""E"": null}"
34,644580,6445,13,"[1, 4, 2, 5, 3]",0,v1,,E,,http_400,0,0,[],"{""A"": null, ""B"": null, ""C"": null, ""D"": null, ""E"": null}"
34,644580,6445,23,"[1, 5, 4, 3, 2]",0,v1,,D,,http_400,0,0,[],"{""A"": null, ""B"": null, ""C"": null, ""D"": null, ""E"": null}"
34,644580,6445,29,"[2, 1, 5, 4, 3]",0,v1,,E,,http_400,0,0,[],"{""A"": null, ""B"": null, ""C"": null, ""D"": null, ""E"": null}"
34,644580,6445,33,"[2, 3, 4, 5, 1]",0,v1,,B,,http_400,0,0,[],"{""A"": null, ""B"": null, ""C"": null, ""D"": null, ""E"": null}"
34,644580,6445,35,"[2, 3, 5, 4, 1]",0,v1,,B,,http_400,0,0,[],"{""A"": null, ""B"": null, ""C"": null, ""D"": null, ""E"": null}"
34,644580,6445,36,"[2, 4, 1, 3, 5]",0,v1,,D,,http_400,0,0,[],"{""A"": null, ""B"": null, ""C"": null, ""D"": null, ""E"": null}"
34,644580,6445,44,"[2, 5, 3, 1, 4]",0,v1,,C,,http_400,0,0,[],"{""A"": null, ""B"": null, ""C"": null, ""D"": null, ""E"": null}"
34,644580,6445,50,"[3, 1, 4, 2, 5]",0,v1,,A,,http_400,0,0,[],"{""A"": null, ""B"": null, ""C"": null, ""D"": null, ""E"": null}"
34,644580,6445,55,"[3, 2, 1, 5, 4]",0,v1,,A,,http_400,0,0,[],"{""A"": null, ""B"": null, ""C"": null, ""D"": null, ""E"": null}"
34,644580,6445,64,"[3, 4, 5, 1, 2]",0,v1,,A,,http_400,0,0,[],"{""A"": null, ""B"": null, ""C"": null, ""D"": null, ""E"": null}"
34,644580,6445,69,"[3, 5, 2, 4, 1]",0,v1,,A,,http_400,0,0,[],"{""A"": null, ""B"": null, ""C"": null, ""D"": null, ""E"": null}"
34,644580,6445,70,"[3, 5, 4, 1, 2]",0,v1,,A,,http_400,0,0,[],"{""A"": null, ""B"": null, ""C"": null, ""D"": null, ""E"": null}"
34,644580,6445,72,"[4, 1, 2, 3, 5]",0,v1,,D,,http_400,0,0,[],"{""A"": null, ""B"": null, ""C"": null, ""D"": null, ""E"": null}"
34,644580,6445,75,"[4, 1, 3, 5, 2]",0,v1,,C,,http_400,0,0,[],"{""A"": null, ""B"": null, ""C"": null, ""D"": null, ""E"": null}"
34,644580,6445,83,"[4, 2, 5, 3, 1]",0,v1,,D,,http_400,0,0,[],"{""A"": null, ""B"": null, ""C"": null, ""D"": null, ""E"": null}"
34,644580,6445,86,"[4, 3, 2, 1, 5]",0,v1,,B,,http_400,0,0,[],"{""A"": null, ""B"": null, ""C"": null, ""D"": null, ""E"": null}"
34,644580,6445,90,"[4, 5, 1, 2, 3]",0,v1,,E,,http_400,0,0,[],"{""A"": null, ""B"": null, ""C"": null, ""D"": null, ""E"": null}"
34,644580,6445,96,"[5, 1, 2, 3, 4]",0,v1,,D,,http_400,0,0,[],"{""A"": null, ""B"": null, ""C"": null, ""D"": null, ""E"": null}"
34,644580,6445,106,"[5, 2, 4, 1, 3]",0,v1,,E,,http_400,0,0,[],"{""A"": null, ""B"": null, ""C"": null, ""D"": null, ""E"": null}"
34,644580,6445,109,"[5, 3, 1, 4, 2]",0,v1,,B,,http_400,0,0,[],"{""A"": null, ""B"": null, ""C"": null, ""D"": null, ""E"": null}"
34,644580,6445,114,"[5, 4, 1, 2, 3]",0,v1,,E,,http_400,0,0,[],"{""A"": null, ""B"": null, ""C"": null, ""D"": null, ""E"": null}"
34,644580,6445,119,"[5, 4, 3, 2, 1]",0,v1,,C,,http_400,0,0,[],"{""A"": null, ""B"": null, ""C"": null, ""D"": null, ""E"": null}"
35,644581,6445,0,"[1, 2, 3, 4, 5]",0,v1,,C,,http_400,0,0,[],"{""A"": null, ""B"": null, ""C"": null, ""D"": null, ""E"": null}"
35,644581,6445,1,"[1, 2, 3, 5, 4]",0,v1,,C,,http_400,0,0,[],"{""A"": null, ""B"": null, ""C"": null, ""D"": null, ""E"": null}"
35,644581,6445,10,"[1, 3, 5, 2, 4]",0,v1,,B,,http_400,0,0,[],"{""A"": null, ""B"": null, ""C"": null, ""D"": null, ""E"": null}"
35,644581,6445,13,"[1, 4, 2, 5, 3]",0,v1,,E,,http_400,0,0,[],"{""A"": null, ""B"": null, ""C"": null, ""D"": null, ""E"": null}"
35,644581,6445,23,"[1, 5, 4, 3, 2]",0,v1,,D,,http_400,0,0,[],"{""A"": null, ""B"": null, ""C"": null, ""D"": null, ""E"": null}"
35,644581,6445,29,"[2, 1, 5, 4, 3]",0,v1,,E,,http_400,0,0,[],"{""A"": null, ""B"": null, ""C"": null, ""D"": null, ""E"": null}"
35,644581,6445,33,"[2, 3, 4, 5, 1]",0,v1,,B,,http_400,0,0,[],"{""A"": null, ""B"": null, ""C"": null, ""D"": null, ""E"": null}"
35,644581,6445,35,"[2, 3, 5, 4, 1]",0,v1,,B,,http_400,0,0,[],"{""A"": null, ""B"": null, ""C"": null, ""D"": null, ""E"": null}"
35,644581,6445,36,"[2, 4, 1, 3, 5]",0,v1,,D,,http_400,0,0,[],"{""A"": null, ""B"": null, ""C"": null, ""D"": null, ""E"": null}"
35,644581,6445,44,"[2, 5, 3, 1, 4]",0,v1,,C,,http_400,0,0,[],"{""A"": null, ""B"": null, ""C"": null, ""D"": null, ""E"": null}"
35,644581,6445,50,"[3, 1, 4, 2, 5]",0,v1,,A,,http_400,0,0,[],"{""A"": null, ""B"": null, ""C"": null, ""D"": null, ""E"": null}"
35,644581,6445,55,"[3, 2, 1, 5, 4]",0,v1,,A,,http_400,0,0,[],"{""A"": null, ""B"": null, ""C"": null, ""D"": null, ""E"": null}"
35,644581,6445,64,"[3, 4, 5, 1, 2]",0,v1,,A,,http_400,0,0,[],"{""A"": null, ""B"": null, ""C"": null, ""D"": null, ""E"": null}"
35,644581,6445,69,"[3, 5, 2, 4, 1]",0,v1,,A,,http_400,0,0,[],"{""A"": null, ""B"": null, ""C"": null, ""D"": null, ""E"": null}"
35,644581,6445,70,"[3, 5, 4, 1, 2]",0,v1,,A,,http_400,0,0,[],"{""A"": null, ""B"": null, ""C"": null, ""D"": null, ""E"": null}"
35,644581,6445,72,"[4, 1, 2, 3, 5]",0,v1,,D,,http_400,0,0,[],"{""A"": null, ""B"": null, ""C"": null, ""D"": null, ""E"": null}"
35,644581,6445,75,"[4, 1, 3, 5, 2]",0,v1,,C,,http_400,0,0,[],"{""A"": null, ""B"": null, ""C"": null, ""D"": null, ""E"": null}"
35,644581,6445,83,"[4, 2, 5, 3, 1]",0,v1,,D,,http_400,0,0,[],"{""A"": null, ""B"": null, ""C"": null, ""D"": null, ""E"": null}"
35,644581,6445,86,"[4, 3, 2, 1, 5]",0,v1,,B,,http_400,0,0,[],"{""A"": null, ""B"": null, ""C"": null, ""D"": null, ""E"": null}"
35,644581,6445,90,"[4, 5, 1, 2, 3]",0,v1,,E,,http_400,0,0,[],"{""A"": null, ""B"": null, ""C"": null, ""D"": null, ""E"": null}"
35,644581,6445,96,"[5, 1, 2, 3, 4]",0,v1,,D,,http_400,0,0,[],"{""A"": null, ""B"": null, ""C"": null, ""D"": null, ""E"": null}"
35,644581,6445,106,"[5, 2, 4, 1, 3]",0,v1,,E,,http_400,0,0,[],"{""A"": null, ""B"": null, ""C"": null, ""D"": null, ""E"": null}"
35,644581,6445,109,"[5, 3, 1, 4, 2]",0,v1,,B,,http_400,0,0,[],"{""A"": null, ""B"": null, ""C"": null, ""D"": null, ""E"": null}"
35,644581,6445,114,"[5, 4, 1, 2, 3]",0,v1,,E,,http_400,0,0,[],"{""A"": null, ""B"": null, ""C"": null, ""D"": null, ""E"": null}"
35,644581,6445,119,"[5, 4, 3, 2, 1]",0,v1,,C,,http_400,0,0,[],"{""A"": null, ""B"": null, ""C"": null, ""D"": null, ""E"": null}"
36,644582,6445,0,"[1, 2, 3, 4, 5]",0,v1,,A,,http_400,0,0,[],"{""A"": null, ""B"": null, ""C"": null, ""D"": null, ""E"": null}"
36,644582,6445,1,"[1, 2, 3, 5, 4]",0,v1,,A,,http_400,0,0,[],"{""A"": null, ""B"": null, ""C"": null, ""D"": null, ""E"": null}"
36,644582,6445,10,"[1, 3, 5, 2, 4]",0,v1,,A,,http_400,0,0,[],"{""A"": null, ""B"": null, ""C"": null, ""D"": null, ""E"": null}"
36,644582,6445,13,"[1, 4, 2, 5, 3]",0,v1,,A,,http_400,0,0,[],"{""A"": null, ""B"": null, ""C"": null, ""D"": null, ""E"": null}"
36,644582,6445,23,"[1, 5, 4, 3, 2]",0,v1,,A,,http_400,0,0,[],"{""A"": null, ""B"": null, ""C"": null, ""D"": null, ""E"": null}"
36,644582,6445,29,"[2, 1, 5, 4, 3]",0,v1,,B,,http_400,0,0,[],"{""A"": null, ""B"": null, ""C"": null, ""D"": null, ""E"": null}"
36,644582,6445,33,"[2, 3, 4, 5, 1]",0,v1,,E,,http_400,0,0,[],"{""A"": null, ""B"": null, ""C"": null, ""D"": null, ""E"": null}"
36,644582,6445,35,"[2, 3, 5, 4, 1]",0,v1,,E,,http_400,0,0,[],"{""A"": null, ""B"": null, ""C"": null, ""D"": null, ""E"": null}"
36,644582,6445,36,"[2, 4, 1, 3, 5]",0,v1,,C,,http_400,0,0,[],"{""A"": null, ""B"": null, ""C"": null, ""D"": null, ""E"": null}"
36,644582,6445,44,"[2, 5, 3, 1, 4]",0,v1,,D,,http_400,0,0,[],"{""A"": null, ""B"": null, ""C"": null, ""D"": null, ""E"": null}"
36,644582,6445,50,"[3, 1, 4, 2, 5]",0,v1,,B,,http_400,0,0,[],"{""A"": null, ""B"": null, ""C"": null, ""D"": null, ""E"": null}"
36,644582,6445,55,"[3, 2, 1, 5, 4]",0,v1,,C,,http_400,0,0,[],"{""A"": null, ""B"": null, ""C"": null, ""D"": null, ""E"": null}"
36,644582,6445,64,"[3, 4, 5, 1, 2]",0,v1,,D,,http_400,0,0,[],"{""A"": null, ""B"": null, ""C"": null, ""D"": null, ""E"": null}"
36,644582,6445,69,"[3, 5, 2, 4, 1]",0,v1,,E,,http_400,0,0,[],"{""A"": null, ""B"": null, ""C"": null, ""D"": null, ""E"": null}"
36,644582,6445,70,"[3, 5, 4, 1, 2]",0,v1,,D,,http_400,0,0,[],"{""A"": null, ""B"": null, ""C"": null, ""D"": null, ""E"": null}"
36,644582,6445,72,"[4, 1, 2, 3, 5]",0,v1,,B,,http_400,0,0,[],"{""A"": null, ""B"": null, ""C"": null, ""D"": null, ""E"": null}"
36,644582,6445,75,"[4, 1, 3, 5, 2]",0,v1,,B,,http_400,0,0,[],"{""A"": null, ""B"": null, ""C"": null, ""D"": null, ""E"": null}"
36,644582,6445,83,"[4, 2, 5, 3, 1]",0,v1,,E,,http_400,0,0,[],"{""A"": null, ""B"": null, ""C"": null, ""D"": null, ""E"": null}"
36,644582,6445,86,"[4, 3, 2, 1, 5]",0,v1,,D,,http_400,0,0,[],"{""A"": null, ""B"": null, ""C"": null, ""D"": null, ""E"": null}"
36,644582,6445,90,"[4, 5, 1, 2, 3]",0,v1,,C,,http_400,0,0,[],"{""A"": null, ""B"": null, ""C"": null, ""D"": null, ""E"": null}"
36,644582,6445,96,"[5, 1, 2, 3, 4]",0,v1,,B,,http_400,0,0,[],"{""A"": null, ""B"": null, ""C"": null, ""D"": null, ""E"": null}"
36,644582,6445,106,"[5, 2, 4, 1, 3]",0,v1,,D,,http_400,0,0,[],"{""A"": null, ""B"": null, ""C"": null, ""D"": null, ""E"": null}"
36,644582,6445,109,"[5, 3, 1, 4, 2]",0,v1,,C,,http_400,0,0,[],"{""A"": null, ""B"": null, ""C"": null, ""D"": null, ""E"": null}"
36,644582,6445,114,"[5, 4, 1, 2, 3]",0,v1,,C,,http_400,0,0,[],"{""A"": null, ""B"": null, ""C"": null, ""D"": null, ""E"": null}"
36,644582,6445,119,"[5, 4, 3, 2, 1]",0,v1,,E,,http_400,0,0,[],"{""A"": null, ""B"": null, ""C"": null, ""D"": null, ""E"": null}"
37,644583,6445,0,"[1, 2, 3, 4, 5]",0,v1,,C,,http_400,0,0,[],"{""A"": null, ""B"": null, ""C"": null, ""D"": null, ""E"": null}"
37,644583,6445,1,"[1, 2, 3, 5, 4]",0,v1,,C,,http_400,0,0,[],"{""A"": null, ""B"": null, ""C"": null, ""D"": null, ""E"": null}"
37,644583,6445,10,"[1, 3, 5, 2, 4]",0,v1,,B,,http_400,0,0,[],"{""A"": null, ""B"": null, ""C"": null, ""D"": null, ""E"": null}"
37,644583,6445,13,"[1, 4, 2, 5, 3]",0,v1,,E,,http_400,0,0,[],"{""A"": null, ""B"": null, ""C"": null, ""D"": null, ""E"": null}"
37,644583,6445,23,"[1, 5, 4, 3, 2]",0,v1,,D,,http_400,0,0,[],"{""A"": null, ""B"": null, ""C"": null, ""D"": null, ""E"": null}"
37,644583,6445,29,"[2, 1, 5, 4, 3]",0,v1,,E,,http_400,0,0,[],"{""A"": null, ""B"": null, ""C"": null, ""D"": null, ""E"": null}"
37,644583,6445,33,"[2, 3, 4, 5, 1]",0,v1,,B,,http_400,0,0,[],"{""A"": null, ""B"": null, ""C"": null, ""D"": null, ""E"": null}"
37,644583,6445,35,"[2, 3, 5, 4, 1]",0,v1,,B,,http_400,0,0,[],"{""A"": null, ""B"": null, ""C"": null, ""D"": null, ""E"": null}"
37,644583,6445,36,"[2, 4, 1, 3, 5]",0,v1,,D,,http_400,0,0,[],"{""A"": null, ""B"": null, ""C"": null, ""D"": null, ""E"": null}"
37,644583,6445,44,"[2, 5, 3, 1, 4]",0,v1,,C,,http_400,0,0,[],"{""A"": null, ""B"": null, ""C"": null, ""D"": null, ""E"": null}"
37,644583,6445,50,"[3, 1, 4, 2, 5]",0,v1,,A,,http_400,0,0,[],"{""A"": null, ""B"": null, ""C"": null, ""D"": null, ""E"": null}"
37,644583,6445,55,"[3, 2, 1, 5, 4]",0,v1,,A,,http_400,0,0,[],"{""A"": null, ""B"": null, ""C"": null, ""D"": null, ""E"": null}"
37,644583,6445,64,"[3, 4, 5, 1, 2]",0,v1,,A,,http_400,0,0,[],"{""A"": null, ""B"": null, ""C"": null, ""D"": null, ""E"": null}"
37,644583,6445,69,"[3, 5, 2, 4, 1]",0,v1,,A,,http_400,0,0,[],"{""A"": null, ""B"": null, ""C"": null, ""D"": null, ""E"": null}"
37,644583,6445,70,"[3, 5, 4, 1, 2]",0,v1,,A,,http_400,0,0,[],"{""A"": null, ""B"": null, ""C"": null, ""D"": null, ""E"": null}"
37,644583,6445,72,"[4, 1, 2, 3, 5]",0,v1,,D,,http_400,0,0,[],"{""A"": null, ""B"": null, ""C"": null, ""D"": null, ""E"": null}"
37,644583,6445,75,"[4, 1, 3, 5, 2]",0,v1,,C,,http_400,0,0,[],"{""A"": null, ""B"": null, ""C"": null, ""D"": null, ""E"": null}"
37,644583,6445,83,"[4, 2, 5, 3, 1]",0,v1,,D,,http_400,0,0,[],"{""A"": null, ""B"": null, ""C"": null, ""D"": null, ""E"": null}"
37,644583,6445,86,"[4, 3, 2, 1, 5]",0,v1,,B,,http_400,0,0,[],"{""A"": null, ""B"": null, ""C"": null, ""D"": null, ""E"": null}"
37,644583,6445,90,"[4, 5, 1, 2, 3]",0,v1,,E,,http_400,0,0,[],"{""A"": null, ""B"": null, ""C"": null, ""D"": null, ""E"": null}"
37,644583,6445,96,"[5, 1, 2, 3, 4]",0,v1,,D,,http_400,0,0,[],"{""A"": null, ""B"": null, ""C"": null, ""D"": null, ""E"": null}"
37,644583,6445,106,"[5, 2, 4, 1, 3]",0,v1,,E,,http_400,0,0,[],"{""A"": null, ""B"": null, ""C"": null, ""D"": null, ""E"": null}"
37,644583,6445,109,"[5, 3, 1, 4, 2]",0,v1,,B,,http_400,0,0,[],"{""A"": null, ""B"": null, ""C"": null, ""D"": null, ""E"": null}"
37,644583,6445,114,"[5, 4, 1, 2, 3]",0,v1,,E,,http_400,0,0,[],"{""A"": null, ""B"": null, ""C"": null, ""D"": null, ""E"": null}"
37,644583,6445,119,"[5, 4, 3, 2, 1]",0,v1,,C,,http_400,0,0,[],"{""A"": null, ""B"": null, ""C"": null, ""D"": null, ""E"": null}"
38,644584,6445,0,"[1, 2, 3, 4, 5]",0,v1,,A,,http_400,0,0,[],"{""A"": null, ""B"": null, ""C"": null, ""D"": null, ""E"": null}"
38,644584,6445,1,"[1, 2, 3, 5, 4]",0,v1,,A,,http_400,0,0,[],"{""A"": null, ""B"": null, ""C"": null, ""D"": null, ""E"": null}"
38,644584,6445,10,"[1, 3, 5, 2, 4]",0,v1,,A,,http_400,0,0,[],"{""A"": null, ""B"": null, ""C"": null, ""D"": null, ""E"": null}"
38,644584,6445,13,"[1, 4, 2, 5, 3]",0,v1,,A,,http_400,0,0,[],"{""A"": null, ""B"": null, ""C"": null, ""D"": null, ""E"": null}"
38,644584,6445,23,"[1, 5, 4, 3, 2]",0,v1,,A,,http_400,0,0,[],"{""A"": null, ""B"": null, ""C"": null, ""D"": null, ""E"": null}"
38,644584,6445,29,"[2, 1, 5, 4, 3]",0,v1,,B,,http_400,0,0,[],"{""A"": null, ""B"": null, ""C"": null, ""D"": null, ""E"": null}"
38,644584,6445,33,"[2, 3, 4, 5, 1]",0,v1,,E,,http_400,0,0,[],"{""A"": null, ""B"": null, ""C"": null, ""D"": null, ""E"": null}"
38,644584,6445,35,"[2, 3, 5, 4, 1]",0,v1,,E,,http_400,0,0,[],"{""A"": null, ""B"": null, ""C"": null, ""D"": null, ""E"": null}"
38,644584,6445,36,"[2, 4, 1, 3, 5]",0,v1,,C,,http_400,0,0,[],"{""A"": null, ""B"": null, ""C"": null, ""D"": null, ""E"": null}"
38,644584,6445,44,"[2, 5, 3, 1, 4]",0,v1,,D,,http_400,0,0,[],"{""A"": null, ""B"": null, ""C"": null, ""D"": null, ""E"": null}"
38,644584,6445,50,"[3, 1, 4, 2, 5]",0,v1,,B,,http_400,0,0,[],"{""A"": null, ""B"": null, ""C"": null, ""D"": null, ""E"": null}"
38,644584,6445,55,"[3, 2, 1, 5, 4]",0,v1,,C,,http_400,0,0,[],"{""A"": null, ""B"": null, ""C"": null, ""D"": null, ""E"": null}"
38,644584,6445,64,"[3, 4, 5, 1, 2]",0,v1,,D,,http_400,0,0,[],"{""A"": null, ""B"": null, ""C"": null, ""D"": null, ""E"": null}"
38,644584,6445,69,"[3, 5, 2, 4, 1]",0,v1,,E,,http_400,0,0,[],"{""A"": null, ""B"": null, ""C"": null, ""D"": null, ""E"": null}"
38,644584,6445,70,"[3, 5, 4, 1, 2]",0,v1,,D,,http_400,0,0,[],"{""A"": null, ""B"": null, ""C"": null, ""D"": null, ""E"": null}"
38,644584,6445,72,"[4, 1, 2, 3, 5]",0,v1,,B,,http_400,0,0,[],"{""A"": null, ""B"": null, ""C"": null, ""D"": null, ""E"": null}"
38,644584,6445,75,"[4, 1, 3, 5, 2]",0,v1,,B,,http_400,0,0,[],"{""A"": null, ""B"": null, ""C"": null, ""D"": null, ""E"": null}"
38,644584,6445,83,"[4, 2, 5, 3, 1]",0,v1,,E,,http_400,0,0,[],"{""A"": null, ""B"": null, ""C"": null, ""D"": null, ""E"": null}"
38,644584,6445,86,"[4, 3, 2, 1, 5]",0,v1,,D,,http_400,0,0,[],"{""A"": null, ""B"": null, ""C"": null, ""D"": null, ""E"": null}"
38,644584,6445,90,"[4, 5, 1, 2, 3]",0,v1,,C,,http_400,0,0,[],"{""A"": null, ""B"": null, ""C"": null, ""D"": null, ""E"": null}"
38,644584,6445,96,"[5, 1, 2, 3, 4]",0,v1,,B,,http_400,0,0,[],"{""A"": null, ""B"": null, ""C"": null, ""D"": null, ""E"": null}"
38,644584,6445,106,"[5, 2, 4, 1, 3]",0,v1,,D,,http_400,0,0,[],"{""A"": null, ""B"": null, ""C"": null, ""D"": null, ""E"": null}"
38,644584,6445,109,"[5, 3, 1, 4, 2]",0,v1,,C,,http_400,0,0,[],"{""A"": null, ""B"": null, ""C"": null, ""D"": null, ""E"": null}"
38,644584,6445,114,"[5, 4, 1, 2, 3]",0,v1,,C,,http_400,0,0,[],"{""A"": null, ""B"": null, ""C"": null, ""D"": null, ""E"": null}"
38,644584,6445,119,"[5, 4, 3, 2, 1]",0,v1,,E,,http_400,0,0,[],"{""A"": null, ""B"": null, ""C"": null, ""D"": null, ""E"": null}"
39,644585,6445,0,"[1, 2, 3, 4, 5]",0,v1,,D,,http_400,0,0,[],"{""A"": null, ""B"": null, ""C"": null, ""D"": null, ""E"": null}"
39,644585,6445,1,"[1, 2, 3, 5, 4]",0,v1,,E,,http_400,0,0,[],"{""A"": null, ""B"": null, ""C"": null, ""D"": null, ""E"": null}"
39,644585,6445,10,"[1, 3, 5, 2, 4]",0,v1,,E,,http_400,0,0,[],"{""A"": null, ""B"": null, ""C"": null, ""D"": null, ""E"": null}"
39,644585,6445,13,"[1, 4, 2, 5, 3]",0,v1,,B,,http_400,0,0,[],"{""A"": null, ""B"": null, ""C"": null, ""D"": null, ""E"": null}"
39,644585,6445,23,"[1, 5, 4, 3, 2]",0,v1,,C,,http_400,0,0,[],"{""A"": null, ""B"": null, ""C"": null, ""D"": null, ""E"": null}"
39,644585,6445,29,"[2, 1, 5, 4, 3]",0,v1,,D,,http_400,0,0,[],"{""A"": null, ""B"": null, ""C"": null, ""D"": null, ""E"": null}"
39,644585,6445,33,"[2, 3, 4, 5, 1]",0,v1,,C,,http_400,0,0,[],"{""A"": null, ""B"": null, ""C"": null, ""D"": null, ""E"": null}"
39,644585,6445,35,"[2, 3, 5, 4, 1]",0,v1,,D,,http_400,0,0,[],"{""A"": null, ""B"": null, ""C"": null, ""D"": null, ""E"": null}"
39,644585,6445,36,"[2, 4, 1, 3, 5]",0,v1,,B,,http_400,0,0,[],"{""A"": null, ""B"": null, ""C"": null, ""D"": null, ""E"": null}"
39,644585,6445,44,"[2, 5, 3, 1, 4]",0,v1,,E,,http_400,0,0,[],"{""A"": null, ""B"": null, ""C"": null, ""D"": null, ""E"": null}"
39,644585,6445,50,"[3, 1, 4, 2, 5]",0,v1,,C,,http_400,0,0,[],"{""A"": null, ""B"": null, ""C"": null, ""D"": null, ""E"": null}"
39,644585,6445,55,"[3, 2, 1, 5, 4]",0,v1,,E,,http_400,0,0,[],"{""A"": null, ""B"": null, ""C"": null, ""D"": null, ""E"": null}"
39,644585,6445,64,"[3, 4, 5, 1, 2]",0,v1,,B,,http_400,0,0,[],"{""A"": null, ""B"": null, ""C"": null, ""D"": null, ""E"": null}"
39,644585,6445,69,"[3, 5, 2, 4, 1]",0,v1,,D,,http_400,0,0,[],"{""A"": null, ""B"": null, ""C"": null, ""D"": null, ""E"": null}"
39,644585,6445,70,"[3, 5, 4, 1, 2]",0,v1,,C,,http_400,0,0,[],"{""A"": null, ""B"": null, ""C"": null, ""D"": null, ""E"": null}"
39,644585,6445,72,"[4, 1, 2, 3, 5]",0,v1,,A,,http_400,0,0,[],"{""A"": null, ""B"": null, ""C"": null, ""D"": null, ""E"": null}"
39,644585,6445,75,"[4, 1, 3, 5, 2]",0,v1,,A,,http_400,0,0,[],"{""A"": null, ""B"": null, ""C"": null, ""D"": null, ""E"": null}"
39,644585,6445,83,"[4, 2, 5, 3, 1]",0,v1,,A,,http_400,0,0,[],"{""A"": null, ""B"": null, ""C"": null, ""D"": null, ""E"": null}"
39,644585,6445,86,"[4, 3, 2, 1, 5]",0,v1,,A,,http_400,0,0,[],"{""A"": null, ""B"": null, ""C"": null, ""D"": null, ""E"": null}"
39,644585,6445,90,"[4, 5, 1, 2, 3]",0,v1,,A,,http_400,0,0,[],"{""A"": null, ""B"": null, ""C"": null, ""D"": null, ""E"": null}"
39,644585,6445,96,"[5, 1, 2, 3, 4]",0,v1,,E,,http_400,0,0,[],"{""A"": null, ""B"": null, ""C"": null, ""D"": null, ""E"": null}"
39,644585,6445,106,"[5, 2, 4, 1, 3]",0,v1,,C,,http_400,0,0,[],"{""A"": null, ""B"": null, ""C"": null, ""D"": null, ""E"": null}"
39,644585,6445,109,"[5, 3, 1, 4, 2]",0,v1,,D,,http_400,0,0,[],"{""A"": null, ""B"": null, ""C"": null, ""D"": null, ""E"": null}"
39,644585,6445,114,"[5, 4, 1, 2, 3]",0,v1,,B,,http_400,0,0,[],"{""A"": null, ""B"": null, ""C"": null, ""D"": null, ""E"": null}"
39,644585,6445,119,"[5, 4, 3, 2, 1]",0,v1,,B,,http_400,0,0,[],"{""A"": null, ""B"": null, ""C"": null, ""D"": null, ""E"": null}"
40,644586,6445,0,"[1, 2, 3, 4, 5]",0,v1,,E,,http_400,0,0,[],"{""A"": null, ""B"": null, ""C"": null, ""D"": null, ""E"": null}"
40,644586,6445,1,"[1, 2, 3, 5, 4]",0,v1,,D,,http_400,0,0,[],"{""A"": null, ""B"": null, ""C"": null, ""D"": null, ""E"": null}"
40,644586,6445,10,"[1, 3, 5, 2, 4]",0,v1,,C,,http_400,0,0,[],"{""A"": null, ""B"": null, ""C"": null, ""D"": null, ""E"": null}"
40,644586,6445,13,"[1, 4, 2, 5, 3]",0,v1,,D,,http_400,0,0,[],"{""A"": null, ""B"": null, ""C"": null, ""D"": null, ""E"": null}"
40,644586,6445,23,"[1, 5, 4, 3, 2]",0,v1,,B,,http_400,0,0,[],"{""A"": null, ""B"": null, ""C"": null, ""D"": null, ""E"": null}"
40,644586,6445,29,"[2, 1, 5, 4, 3]",0,v1,,C,,http_400,0,0,[],"{""A"": null, ""B"": null, ""C"": null, ""D"": null, ""E"": null}"
40,644586,6445,33,"[2, 3, 4, 5, 1]",0,v1,,D,,http_400,0,0,[],"{""A"": null, ""B"": null, ""C"": null, ""D"": null, ""E"": null}"
40,644586,6445,35,"[2, 3, 5, 4, 1]",0,v1,,C,,http_400,0,0,[],"{""A"": null, ""B"": null, ""C"": null, ""D"": null, ""E"": null}"
40,644586,6445,36,"[2, 4, 1, 3, 5]",0,v1,,E,,http_400,0,0,[],"{""A"": null, ""B"": null, ""C"": null, ""D"": null, ""E"": null}"
40,644586,6445,44,"[2, 5, 3, 1, 4]",0,v1,,B,,http_400,0,0,[],"{""A"": null, ""B"": null, ""C"": null, ""D"": null, ""E"": null}"
40,644586,6445,50,"[3, 1, 4, 2, 5]",0,v1,,E,,http_400,0,0,[],"{""A"": null, ""B"": null, ""C"": null, ""D"": null, ""E"": null}"
40,644586,6445,55,"[3, 2, 1, 5, 4]",0,v1,,D,,http_400,0,0,[],"{""A"": null, ""B"": null, ""C"": null, ""D"": null, ""E"": null}"
40,644586,6445,64,"[3, 4, 5, 1, 2]",0,v1,,C,,http_400,0,0,[],"{""A"": null, ""B"": null, ""C"": null, ""D"": null, ""E"": null}"
40,644586,6445,69,"[3, 5, 2, 4, 1]",0,v1,,B,,http_400,0,0,[],"{""A"": null, ""B"": null, ""C"": null, ""D"": null, ""E"": null}"
40,644586,6445,70,"[3, 5, 4, 1, 2]",0,v1,,B,,http_400,0,0,[],"{""A"": null, ""B"": null, ""C"": null, ""D"": null, ""E"": null}"
40,644586,6445,72,"[4, 1, 2, 3, 5]",0,v1,,E,,http_400,0,0,[],"{""A"": null, ""B"": null, ""C"": null, ""D"": null, ""E"": null}"
40,644586,6445,75,"[4, 1, 3, 5, 2]",0,v1,,D,,http_400,0,0,[],"{""A"": null, ""B"": null, ""C"": null, ""D"": null, ""E"": null}"
40,644586,6445,83,"[4, 2, 5, 3, 1]",0,v1,,C,,http_400,0,0,[],"{""A"": null, ""B"": null, ""C"": null, ""D"": null, ""E"": null}"
40,644586,6445,86,"[4, 3, 2, 1, 5]",0,v1,,E,,http_400,0,0,[],"{""A"": null, ""B"": null, ""C"": null, ""D"": null, ""E"": null}"
40,644586,6445,90,"[4, 5, 1, 2, 3]",0,v1,,B,,http_400,0,0,[],"{""A"": null, ""B"": null, ""C"": null, ""D"": null, ""E"": null}"
40,644586,6445,96,"[5, 1, 2, 3, 4]",0,v1,,A,,http_400,0,0,[],"{""A"": null, ""B"": null, ""C"": null, ""D"": null, ""E"": null}"
40,644586,6445,106,"[5, 2, 4, 1, 3]",0,v1,,A,,http_400,0,0,[],"{""A"": null, ""B"": null, ""C"": null, ""D"": null, ""E"": null}"
40,644586,6445,109,"[5, 3, 1, 4, 2]",0,v1,,A,,http_400,0,0,[],"{""A"": null, ""B"": null, ""C"": null, ""D"": null, ""E"": null}"
40,644586,6445,114,"[5, 4, 1, 2, 3]",0,v1,,A,,http_400,0,0,[],"{""A"": null, ""B"": null, ""C"": null, ""D"": null, ""E"": null}"
40,644586,6445,119,"[5, 4, 3, 2, 1]",0,v1,,A,,http_400,0,0,[],"{""A"": null, ""B"": null, ""C"": null, ""D"": null, ""E"": null}"
41,644587,6445,0,"[1, 2, 3, 4, 5]",0,v1,,E,,http_400,0,0,[],"{""A"": null, ""B"": null, ""C"": null, ""D"": null, ""E"": null}"
41,644587,6445,1,"[1, 2, 3, 5, 4]",0,v1,,D,,http_400,0,0,[],"{""A"": null, ""B"": null, ""C"": null, ""D"": null, ""E"": null}"
41,644587,6445,10,"[1, 3, 5, 2, 4]",0,v1,,C,,http_400,0,0,[],"{""A"": null, ""B"": null, ""C"": null, ""D"": null, ""E"": null}"
41,644587,6445,13,"[1, 4, 2, 5, 3]",0,v1,,D,,http_400,0,0,[],"{""A"": null, ""B"": null, ""C"": null, ""D"": null, ""E"": null}"
41,644587,6445,23,"[1, 5, 4, 3, 2]",0,v1,,B,,http_400,0,0,[],"{""A"": null, ""B"": null, ""C"": null, ""D"": null, ""E"": null}"
41,644587,6445,29,"[2, 1, 5, 4, 3]",0,v1,,C,,http_400,0,0,[],"{""A"": null, ""B"": null, ""C"": null, ""D"": null, ""E"": null}"
41,644587,6445,33,"[2, 3, 4, 5, 1]",0,v1,,D,,http_400,0,0,[],"{""A"": null, ""B"": null, ""C"": null, ""D"": null, ""E"": null}"
41,644587,6445,35,"[2, 3, 5, 4, 1]",0,v1,,C,,http_400,0,0,[],"{""A"": null, ""B"": null, ""C"": null, ""D"": null, ""E"": null}"
41,644587,6445,36,"[2, 4, 1, 3, 5]",0,v1,,E,,http_400,0,0,[],"{""A"": null, ""B"": null, ""C"": null, ""D"": null, ""E"": null}"
41,644587,6445,44,"[2, 5, 3, 1, 4]",0,v1,,B,,http_400,0,0,[],"{""A"": null, ""B"": null, ""C"": null, ""D"": null, ""E"": null}"
41,644587,6445,50,"[3, 1, 4, 2, 5]",0,v1,,E,,http_400,0,0,[],"{""A"": null, ""B"": null, ""C"": null, ""D"": null, ""E"": null}"
41,644587,6445,55,"[3, 2, 1, 5, 4]",0,v1,,D,,http_400,0,0,[],"{""A"": null, ""B"": null, ""C"": null, ""D"": null, ""E"": null}"
41,644587,6445,64,"[3, 4, 5, 1, 2]",0,v1,,C,,http_400,0,0,[],"{""A"": null, ""B"": null, ""C"": null, ""D"": null, ""E"": null}"
41,644587,6445,69,"[3, 5, 2, 4, 1]",0,v1,,B,,http_400,0,0,[],"{""A"": null, ""B"": null, ""C"": null, ""D"": null, ""E"": null}"
41,644587,6445,70,"[3, 5, 4, 1, 2]",0,v1,,B,,http_400,0,0,[],"{""A"": null, ""B"": null, ""C"": null, ""D"": null, ""E"": null}"
41,644587,6445,72,"[4, 1, 2, 3, 5]",0,v1,,E,,http_400,0,0,[],"{""A"": null, ""B"": null, ""C"": null, ""D"": null, ""E"": null}"
41,644587,6445,75,"[4, 1, 3, 5, 2]",0,v1,,D,,http_400,0,0,[],"{""A"": null, ""B"": null, ""C"": null, ""D"": null, ""E"": null}"
41,644587,6445,83,"[4, 2, 5, 3, 1]",0,v1,,C,,http_400,0,0,[],"{""A"": null, ""B"": null, ""C"": null, ""D"": null, ""E"": null}"
41,644587,6445,86,"[4, 3, 2, 1, 5]",0,v1,,E,,http_400,0,0,[],"{""A"": null, ""B"": null, ""C"": null, ""D"": null, ""E"": null}"
41,644587,6445,90,"[4, 5, 1, 2, 3]",0,v1,,B,,http_400,0,0,[],"{""A"": null, ""B"": null, ""C"": null, ""D"": null, ""E"": null}"
41,644587,6445,96,"[5, 1, 2, 3, 4]",0,v1,,A,,http_400,0,0,[],"{""A"": null, ""B"": null, ""C"": null, ""D"": null, ""E"": null}"
41,644587,6445,106,"[5, 2, 4, 1, 3]",0,v1,,A,,http_400,0,0,[],"{""A"": null, ""B"": null, ""C"": null, ""D"": null, ""E"": null}"
41,644587,6445,109,"[5, 3, 1, 4, 2]",0,v1,,A,,http_400,0,0,[],"{""A"": null, ""B"": null, ""C"": null, ""D"": null, ""E"": null}"
41,644587,6445,114,"[5, 4, 1, 2, 3]",0,v1,,A,,http_400,0,0,[],"{""A"": null, ""B"": null, ""C"": null, ""D"": null, ""E"": null}"
41,644587,6445,119,"[5, 4, 3, 2, 1]",0,v1,,A,,http_400,0,0,[],"{""A"": null, ""B"": null, ""C"": null, ""D"": null, ""E"": null}"
42,644588,6445,0,"[1, 2, 3, 4, 5]",0,v1,,A,,http_400,0,0,[],"{""A"": null, ""B"": null, ""C"": null, ""D"": null, ""E"": null}"
42,644588,6445,1,"[1, 2, 3, 5, 4]",0,v1,,A,,http_400,0,0,[],"{""A"": null, ""B"": null, ""C"": null, ""D"": null, ""E"": null}"
42,644588,6445,10,"[1, 3, 5, 2, 4]",0,v1,,A,,http_400,0,0,[],"{""A"": null, ""B"": null, ""C"": null, ""D"": null, ""E"": null}"
42,644588,6445,13,"[1, 4, 2, 5, 3]",0,v1,,A,,http_400,0,0,[],"{""A"": null, ""B"": null, ""C"": null, ""D"": null, ""E"": null}"
42,644588,6445,23,"[1, 5, 4, 3, 2]",0,v1,,A,,http_400,0,0,[],"{""A"": null, ""B"": null, ""C"": null, ""D"": null, ""E"": null}"
42,644588,6445,29,"[2, 1, 5, 4, 3]",0,v1,,B,,http_400,0,0,[],"{""A"": null, ""B"": null, ""C"": null, ""D"": null, ""E"": null}"
42,644588,6445,33,"[2, 3, 4, 5, 1]",0,v1,,E,,http_400,0,0,[],"{""A"": null, ""B"": null, ""C"": null, ""D"": null, ""E"": null}"
42,644588,6445,35,"[2, 3, 5, 4, 1]",0,v1,,E,,http_400,0,0,[],"{""A"": null, ""B"": null, ""C"": null, ""D"": null, ""E"": null}"
42,644588,6445,36,"[2, 4, 1, 3, 5]",0,v1,,C,,http_400,0,0,[],"{""A"": null, ""B"": null, ""C"": null, ""D"": null, ""E"": null}"
42,644588,6445,44,"[2, 5, 3, 1, 4]",0,v1,,D,,http_400,0,0,[],"{""A"": null, ""B"": null, ""C"": null, ""D"": null, ""E"": null}"
42,644588,6445,50,"[3, 1, 4, 2, 5]",0,v1,,B,,http_400,0,0,[],"{""A"": null, ""B"": null, ""C"": null, ""D"": null, ""E"": null}"
42,644588,6445,55,"[3, 2, 1, 5, 4]",0,v1,,C,,http_400,0,0,[],"{""A"": null, ""B"": null, ""C"": null, ""D"": null, ""E"": null}"
42,644588,6445,64,"[3, 4, 5, 1, 2]",0,v1,,D,,http_400,0,0,[],"{""A"": null, ""B"": null, ""C"": null, ""D"": null, ""E"": null}"
42,644588,6445,69,"[3, 5, 2, 4, 1]",0,v1,,E,,http_400,0,0,[],"{""A"": null, ""B"": null, ""C"": null, ""D"": null, ""E"": null}"
42,644588,6445,70,"[3, 5, 4, 1, 2]",0,v1,,D,,http_400,0,0,[],"{""A"": null, ""B"": null, ""C"": null, ""D"": null, ""E"": null}"
42,644588,6445,72,"[4, 1, 2, 3, 5]",0,v1,,B,,http_400,0,0,[],"{""A"": null, ""B"": null, ""C"": null, ""D"": null, ""E"": null}"
42,644588,6445,75,"[4, 1, 3, 5, 2]",0,v1,,B,,http_400,0,0,[],"{""A"": null, ""B"": null, ""C"": null, ""D"": null, ""E"": null}"
42,644588,6445,83,"[4, 2, 5, 3, 1]",0,v1,,E,,http_400,0,0,[],"{""A"": null, ""B"": null, ""C"": null, ""D"": null, ""E"": null}"
42,644588,6445,86,"[4, 3, 2, 1, 5]",0,v1,,D,,http_400,0,0,[],"{""A"": null, ""B"": null, ""C"": null, ""D"": null, ""E"": null}"
42,644588,6445,90,"[4, 5, 1, 2, 3]",0,v1,,C,,http_400,0,0,[],"{""A"": null, ""B"": null, ""C"": null, ""D"": null, ""E"": null}"
42,644588,6445,96,"[5, 1, 2, 3, 4]",0,v1,,B,,http_400,0,0,[],"{""A"": null, ""B"": null, ""C"": null, ""D"": null, ""E"": null}"
42,644588,6445,106,"[5, 2, 4, 1, 3]",0,v1,,D,,http_400,0,0,[],"{""A"": null, ""B"": null, ""C"": null, ""D"": null, ""E"": null}"
42,644588,6445,109,"[5, 3, 1, 4, 2]",0,v1,,C,,http_400,0,0,[],"{""A"": null, ""B"": null, ""C"": null, ""D"": null, ""E"": null}"
42,644588,6445,114,"[5, 4, 1, 2, 3]",0,v1,,C,,http_400,0,0,[],"{""A"": null, ""B"": null, ""C"": null, ""D"": null, ""E"": null}"
42,644588,6445,119,"[5, 4, 3, 2, 1]",0,v1,,E,,http_400,0,0,[],"{""A"": null, ""B"": null, ""C"": null, ""D"": null, ""E"": null}"
43,644589,6445,0,"[1, 2, 3, 4, 5]",0,v1,,C,,http_400,0,0,[],"{""A"": null, ""B"": null, ""C"": null, ""D"": null, ""E"": null}"
43,644589,6445,1,"[1, 2, 3, 5, 4]",0,v1,,C,,http_400,0,0,[],"{""A"": null, ""B"": null, ""C"": null, ""D"": null, ""E"": null}"
43,644589,6445,10,"[1, 3, 5, 2, 4]",0,v1,,B,,http_400,0,0,[],"{""A"": null, ""B"": null, ""C"": null, ""D"": null, ""E"": null}"
43,644589,6445,13,"[1, 4, 2, 5, 3]",0,v1,,E,,http_400,0,0,[],"{""A"": null, ""B"": null, ""C"": null, ""D"": null, ""E"": null}"
43,644589,6445,23,"[1, 5, 4, 3, 2]",0,v1,,D,,http_400,0,0,[],"{""A"": null, ""B"": null, ""C"": null, ""D"": null, ""E"": null}"
43,644589,6445,29,"[2, 1, 5, 4, 3]",0,v1,,E,,http_400,0,0,[],"{""A"": null, ""B"": null, ""C"": null, ""D"": null, ""E"": null}"
43,644589,6445,33,"[2, 3, 4, 5, 1]",0,v1,,B,,http_400,0,0,[],"{""A"": null, ""B"": null, ""C"": null, ""D"": null, ""E"": null}"
43,644589,6445,35,"[2, 3, 5, 4, 1]",0,v1,,B,,http_400,0,0,[],"{""A"": null, ""B"": null, ""C"": null, ""D"": null, ""E"": null}"
43,644589,6445,36,"[2, 4, 1, 3, 5]",0,v1,,D,,http_400,0,0,[],"{""A"": null, ""B"": null, ""C"": null, ""D"": null, ""E"": null}"
43,644589,6445,44,"[2, 5, 3, 1, 4]",0,v1,,C,,http_400,0,0,[],"{""A"": null, ""B"": null, ""C"": null, ""D"": null, ""E"": null}"
43,644589,6445,50,"[3, 1, 4, 2, 5]",0,v1,,A,,http_400,0,0,[],"{""A"": null, ""B"": null, ""C"": null, ""D"": null, ""E"": null}"
43,644589,6445,55,"[3, 2, 1, 5, 4]",0,v1,,A,,http_400,0,0,[],"{""A"": null, ""B"": null, ""C"": null, ""D"": null, ""E"": null}"
43,644589,6445,64,"[3, 4, 5, 1, 2]",0,v1,,A,,http_400,0,0,[],"{""A"": null, ""B"": null, ""C"": null, ""D"": null, ""E"": null}"
43,644589,6445,69,"[3, 5, 2, 4, 1]",0,v1,,A,,http_400,0,0,[],"{""A"": null, ""B"": null, ""C"": null, ""D"": null, ""E"": null}"
43,644589,6445,70,"[3, 5, 4, 1, 2]",0,v1,,A,,http_400,0,0,[],"{""A"": null, ""B"": null, ""C"": null, ""D"": null, ""E"": null}"
43,644589,6445,72,"[4, 1, 2, 3, 5]",0,v1,,D,,http_400,0,0,[],"{""A"": null, ""B"": null, ""C"": null, ""D"": null, ""E"": null}"
43,644589,6445,75,"[4, 1, 3, 5, 2]",0,v1,,C,,http_400,0,0,[],"{""A"": null, ""B"": null, ""C"": null, ""D"": null, ""E"": null}"
43,644589,6445,83,"[4, 2, 5, 3, 1]",0,v1,,D,,http_400,0,0,[],"{""A"": null, ""B"": null, ""C"": null, ""D"": null, ""E"": null}"
43,644589,6445,86,"[4, 3, 2, 1, 5]",0,v1,,B,,http_400,0,0,[],"{""A"": null, ""B"": null, ""C"": null, ""D"": null, ""E"": null}"
43,644589,6445,90,"[4, 5, 1, 2, 3]",0,v1,,E,,http_400,0,0,[],"{""A"": null, ""B"": null, ""C"": null, ""D"": null, ""E"": null}"
43,644589,6445,96,"[5, 1, 2, 3, 4]",0,v1,,D,,http_400,0,0,[],"{""A"": null, ""B"": null, ""C"": null, ""D"": null, ""E"": null}"
43,644589,6445,106,"[5, 2, 4, 1, 3]",0,v1,,E,,http_400,0,0,[],"{""A"": null, ""B"": null, ""C"": null, ""D"": null, ""E"": null}"
43,644589,6445,109,"[5, 3, 1, 4, 2]",0,v1,,B,,http_400,0,0,[],"{""A"": null, ""B"": null, ""C"": null, ""D"": null, ""E"": null}"
43,644589,6445,114,"[5, 4, 1, 2, 3]",0,v1,,E,,http_400,0,0,[],"{""A"": null, ""B"": null, ""C"": null, ""D"": null, ""E"": null}"
43,644589,6445,119,"[5, 4, 3, 2, 1]",0,v1,,C,,http_400,0,0,[],"{""A"": null, ""B"": null, ""C"": null, ""D"": null, ""E"": null}"
44,644590,6445,0,"[1, 2, 3, 4, 5]",0,v1,,D,,http_400,0,0,[],"{""A"": null, ""B"": null, ""C"": null, ""D"": null, ""E"": null}"
44,644590,6445,1,"[1, 2, 3, 5, 4]",0,v1,,E,,http_400,0,0,[],"{""A"": null, ""B"": null, ""C"": null, ""D"": null, ""E"": null}"
44,644590,6445,10,"[1, 3, 5, 2, 4]",0,v1,,E,,http_400,0,0,[],"{""A"": null, ""B"": null, ""C"": null, ""D"": null, ""E"": null}"
44,644590,6445,13,"[1, 4, 2, 5, 3]",0,v1,,B,,http_400,0,0,[],"{""A"": null, ""B"": null, ""C"": null, ""D"": null, ""E"": null}"
44,644590,6445,23,"[1, 5, 4, 3, 2]",0,v1,,C,,http_400,0,0,[],"{""A"": null, ""B"": null, ""C"": null, ""D"": null, ""E"": null}"
44,644590,6445,29,"[2, 1, 5, 4, 3]",0,v1,,D,,http_400,0,0,[],"{""A"": null, ""B"": null, ""C"": null, ""D"": null, ""E"": null}"
44,644590,6445,33,"[2, 3, 4, 5, 1]",0,v1,,C,,http_400,0,0,[],"{""A"": null, ""B"": null, ""C"": null, ""D"": null, ""E"": null}"
44,644590,6445,35,"[2, 3, 5, 4, 1]",0,v1,,D,,http_400,0,0,[],"{""A"": null, ""B"": null, ""C"": null, ""D"": null, ""E"": null}"
44,644590,6445,36,"[2, 4, 1, 3, 5]",0,v1,,B,,http_400,0,0,[],"{""A"": null, ""B"": null, ""C"": null, ""D"": null, ""E"": null}"
44,644590,6445,44,"[2, 5, 3, 1, 4]",0,v1,,E,,http_400,0,0,[],"{""A"": null, ""B"": null, ""C"": null, ""D"": null, ""E"": null}"
44,644590,6445,50,"[3, 1, 4, 2, 5]",0,v1,,C,,http_400,0,0,[],"{""A"": null, ""B"": null, ""C"": null, ""D"": null, ""E"": null}"
44,644590,6445,55,"[3, 2, 1, 5, 4]",0,v1,,E,,http_400,0,0,[],"{""A"": null, ""B"": null, ""C"": null, ""D"": null, ""E"": null}"
44,644590,6445,64,"[3, 4, 5, 1, 2]",0,v1,,B,,http_400,0,0,[],"{""A"": null, ""B"": null, ""C"": null, ""D"": null, ""E"": null}"
44,644590,6445,69,"[3, 5, 2, 4, 1]",0,v1,,D,,http_400,0,0,[],"{""A"": null, ""B"": null, ""C"": null, ""D"": null, ""E"": null}"
44,644590,6445,70,"[3, 5, 4, 1, 2]",0,v1,,C,,http_400,0,0,[],"{""A"": null, ""B"": null, ""C"": null, ""D"": null, ""E"": null}"
44,644590,6445,72,"[4, 1, 2, 3, 5]",0,v1,,A,,http_400,0,0,[],"{""A"": null, ""B"": null, ""C"": null, ""D"": null, ""E"": null}"
44,644590,6445,75,"[4, 1, 3, 5, 2]",0,v1,,A,,http_400,0,0,[],"{""A"": null, ""B"": null, ""C"": null, ""D"": null, ""E"": null}"
44,644590,6445,83,"[4, 2, 5, 3, 1]",0,v1,,A,,http_400,0,0,[],"{""A"": null, ""B"": null, ""C"": null, ""D"": null, ""E"": null}"
44,644590,6445,86,"[4, 3, 2, 1, 5]",0,v1,,A,,http_400,0,0,[],"{""A"": null, ""B"": null, ""C"": null, ""D"": null, ""E"": null}"
44,644590,6445,90,"[4, 5, 1, 2, 3]",0,v1,,A,,http_400,0,0,[],"{""A"": null, ""B"": null, ""C"": null, ""D"": null, ""E"": null}"
44,644590,6445,96,"[5, 1, 2, 3, 4]",0,v1,,E,,http_400,0,0,[],"{""A"": null, ""B"": null, ""C"": null, ""D"": null, ""E"": null}"
44,644590,6445,106,"[5, 2, 4, 1, 3]",0,v1,,C,,http_400,0,0,[],"{""A"": null, ""B"": null, ""C"": null, ""D"": null, ""E"": null}"
44,644590,6445,109,"[5, 3, 1, 4, 2]",0,v1,,D,,http_400,0,0,[],"{""A"": null, ""B"": null, ""C"": null, ""D"": null, ""E"": null}"
44,644590,6445,114,"[5, 4, 1, 2, 3]",0,v1,,B,,http_400,0,0,[],"{""A"": null, ""B"": null, ""C"": null, ""D"": null, ""E"": null}"
44,644590,6445,119,"[5, 4, 3, 2, 1]",0,v1,,B,,http_400,0,0,[],"{""A"": null, ""B"": null, ""C"": null, ""D"": null, ""E"": null}"
